#
# A fatal error has been detected by the Java Runtime Environment:
#
#  SIGSEGV (0xb) at pc=0x00000001083081f8, pid=80166, tid=259
#
# JRE version: OpenJDK Runtime Environment (26.0.1+8) (build 26.0.1+8-34)
# Java VM: OpenJDK 64-Bit Server VM (26.0.1+8-34, mixed mode, sharing, tiered, compressed oops, compressed class ptrs, g1 gc, bsd-aarch64)
# Problematic frame:
# C  [libglass.dylib+0x281f8]  Java_com_sun_glass_ui_mac_MacView__1enableInputMethodEvents+0x7288
#
# No core dump will be written. Core dumps have been disabled. To enable core dumping, try "ulimit -c unlimited" before starting Java again
#
# If you would like to submit a bug report, please visit:
#   https://bugreport.java.com/bugreport/crash.jsp
#

---------------  S U M M A R Y ------------

Command Line: -javaagent:/Applications/IntelliJ IDEA.app/Contents/lib/idea_rt.jar=62434 -Dfile.encoding=UTF-8 -Dsun.stdout.encoding=UTF-8 -Dsun.stderr.encoding=UTF-8 app.Main

Host: "Mac15,13" arm64, 8 cores, 16G, Darwin 25.5.0, macOS 26.5.2 (25F84)
Time: Tue Jul 28 14:56:58 2026 EDT elapsed time: 80.632906 seconds (0d 0h 1m 20s)

---------------  T H R E A D  ---------------

Current thread is native thread

Stack: [0x000000016cc30000,0x000000016d42c000],  sp=0x000000016d427650,  free space=8157k
Native frames: (J=compiled Java code, j=interpreted, Vv=VM code, C=native code)
C  [libglass.dylib+0x281f8]  Java_com_sun_glass_ui_mac_MacView__1enableInputMethodEvents+0x7288
C  [CoreFoundation+0x729bc]  __CFNOTIFICATIONCENTER_IS_CALLING_OUT_TO_AN_OBSERVER__+0x94
C  [CoreFoundation+0xff08c]  ___CFXRegistrationPost_block_invoke+0x5c
C  [CoreFoundation+0xfefd0]  _CFXRegistrationPost+0x1b8
C  [CoreFoundation+0x413d0]  _CFXNotificationPost+0x2e4
C  [Foundation+0x94a4]  -[NSNotificationCenter postNotificationName:object:userInfo:]+0x58
C  [AppKit+0x18a208]  -[NSWindow resignKeyWindow]+0x26c
C  [AppKit+0xd7c35c]  -[NSWindow _sendResignKeyWindow]+0x64
C  [AppKit+0xd7fec4]  -[NSWindow _orderOut:calculatingKeyWithOptions:documentWindow:]+0xe8
C  [AppKit+0x7a2d8]  NSPerformVisuallyAtomicChange+0x80
C  [AppKit+0xd81a44]  -[NSWindow _reallyDoOrderWindowOutRelativeTo:]+0x1e8
C  [AppKit+0xd81da8]  -[NSWindow _reallyDoOrderWindow:]+0x50
C  [AppKit+0xd824b8]  __27-[NSWindow _doOrderWindow:]_block_invoke+0x228
C  [AppKit+0x7a2d8]  NSPerformVisuallyAtomicChange+0x80
C  [AppKit+0xd8228c]  -[NSWindow _doOrderWindow:]+0x39c
C  [AppKit+0xd7cac0]  -[NSWindow _finishClosingWindow]+0x1bc
C  [AppKit+0x2b4ed0]  -[NSWindow _close]+0x17c
C  [libglass.dylib+0x28960]  Java_com_sun_glass_ui_mac_MacView__1enableInputMethodEvents+0x79f0
C  [Foundation+0x78adc]  __NSThreadPerformPerform+0x108
C  [CoreFoundation+0x7df30]  __CFRUNLOOP_IS_CALLING_OUT_TO_A_SOURCE0_PERFORM_FUNCTION__+0x1c
C  [CoreFoundation+0x7dec4]  __CFRunLoopDoSource0+0xac
C  [CoreFoundation+0x7dc94]  __CFRunLoopDoSources0+0x14c
C  [CoreFoundation+0x7c854]  __CFRunLoopRun+0x334
C  [CoreFoundation+0x14f1c4]  _CFRunLoopRunSpecificWithOptions+0x214
C  [libjli.dylib+0x9a14]  CreateExecutionEnvironment+0x19c
C  [libjli.dylib+0x5668]  JLI_Launch+0x230
C  [java+0x3ba4]  main+0x194
C  [dyld+0x1fe00]  start+0x1b50

siginfo: si_signo: 11 (SIGSEGV), si_code: 2 (SEGV_ACCERR), si_addr: 0x0000000000000000

Registers:
 x0=0x0000000000000000  x1=0xffffffffb0000000  x2=0x0000000000000060  x3=0xfffff0007fc00000
 x4=0xffffffffff7c4ee0  x5=0x0000000000000009  x6=0x000000000000000a  x7=0xffffffffbfc007ff
 x8=0x0000000000000000  x9=0x00000000ffbfe71f x10=0x0000000000000000 x11=0x0000000000000000
x12=0x00009004004018e0 x13=0x0000800000401400 x14=0x0000000000001800 x15=0x00000000000000a2
x16=0x952d000aaa3c8e00 x17=0x0000000008000400 x18=0x0000000000000000 x19=0x0000000aacc5aee0
x20=0x0000000aaa3c8e00 x21=0x0000000000000000 x22=0x000000010832d5c0 x23=0x0000000aaa3c8ee0
x24=0x0000000000000000 x25=0x0000000000041400 x26=0x0000004b0000005a x27=0x000000016d427b58
x28=0x0000000000000000  fp=0x000000016d427aa0  lr=0x00000001083081f4  sp=0x000000016d427650
pc=0x00000001083081f8 cpsr=0x0000000000001000

Top of Stack: (sp=0x000000016d427650)
0x000000016d427650:   0000000108318777 00000001083186f1   w.1.......1.....
0x000000016d427660:   0000000000000060 00000001083081b8   `.........0.....
0x000000016d427670:   000000018ad6b9bc 000000018adf808c   ................
0x000000016d427680:   000000018adf7fd0 000000018ad3a3d0   ................
0x000000016d427690:   000000018c56f4a4 000000018f2f5208   ..V......R/.....
0x000000016d4276a0:   000000018fee735c 000000018feeaec4   \s..............
0x000000016d4276b0:   000000018f1e52d8 000000018feeca44   .R......D.......
0x000000016d4276c0:   000000018feecda8 000000018feed4b8   ................
0x000000016d4276d0:   000000018f1e52d8 000000018feed28c   .R..............
0x000000016d4276e0:   000000018fee7ac0 000000018f41fed0   .z........A.....
0x000000016d4276f0:   0000000108308960 000000018c5deadc   `.0.......].....
0x000000016d427700:   000000018ad76f30 000000018ad76ec4   0o.......n......
0x000000016d427710:   000000018ad76c94 000000018ad75854   .l......TX......
0x000000016d427720:   000000018ae481c4 0000000102a15a14   .........Z......
0x000000016d427730:   0000000102a11668 00000001029d7ba4   h........{......
0x000000016d427740:   000000018a8fbe00 0000000000000000   ................
0x000000016d427750:   0000000000000000 0000000000000000   ................
0x000000016d427760:   0000000000000000 0000000000000000   ................
0x000000016d427770:   0000000000000000 0000000000000000   ................
0x000000016d427780:   0000000000000000 0000000000000000   ................
0x000000016d427790:   0000000000000000 0000000000000000   ................
0x000000016d4277a0:   0000000000000000 0000000000000000   ................
0x000000016d4277b0:   0000000000000000 0000000000000000   ................
0x000000016d4277c0:   0000000000000000 0000000000000000   ................
0x000000016d4277d0:   0000000000000000 0000000000000000   ................
0x000000016d4277e0:   0000000000000000 0000000000000000   ................
0x000000016d4277f0:   0000000000000000 0000000000000000   ................
0x000000016d427800:   0000000aae1d2d20 0000000aadff95f0    -..............
0x000000016d427810:   000000016d427840 000000018ad009bc   @xBm............
0x000000016d427820:   0000000000000000 0000000000000000   ................
0x000000016d427830:   0000000000000015 0000000aadea9c00   ................
0x000000016d427840:   0000000aaa1e5ce8 00000001f6ec1e60   .\......`.......

Instructions: (pc=0x00000001083081f8)
  0x00000001083080f8:   1f 20 03 d5 a2 aa 12 58 e0 03 14 aa 00 01 3f d6
  0x0000000108308108:   a8 83 5c f8 1f 20 03 d5 89 00 0c 58 29 01 40 f9
  0x0000000108308118:   3f 01 08 eb 80 f8 ff 54 a7 1b 00 94 f8 5f bc a9
  0x0000000108308128:   f6 57 01 a9 f4 4f 02 a9 fd 7b 03 a9 fd c3 00 91
  0x0000000108308138:   ff 83 10 d1 1f 20 03 d5 08 ff 0b 58 08 01 40 f9
  0x0000000108308148:   a8 83 1c f8 1f 20 03 d5 1f 20 03 d5 c8 31 11 98
  0x0000000108308158:   08 68 68 f8 68 06 00 b5 f3 03 00 aa b7 20 00 94
  0x0000000108308168:   d6 a2 12 10 1f 20 03 d5 c0 02 40 f9 20 04 00 b5
  0x0000000108308178:   1f 20 03 d5 68 fd 0b 58 00 01 40 f9 0a 0c 80 52
  0x0000000108308188:   48 2b 08 30 1f 20 03 d5 29 2f 08 70 1f 20 03 d5
  0x0000000108308198:   e8 ab 00 a9 e9 03 00 f9 61 9c 06 50 1f 20 03 d5
  0x00000001083081a8:   b2 1b 00 94 e0 63 00 91 01 10 80 52 8e 1b 00 94
  0x00000001083081b8:   f5 03 00 aa e0 63 00 91 e1 03 15 aa 8d 1b 00 94
  0x00000001083081c8:   f4 03 00 aa bf 06 00 71 eb 00 00 54 f5 03 15 2a
  0x00000001083081d8:   f7 03 14 aa e0 86 40 f8 88 1c 00 94 b5 06 00 f1
  0x00000001083081e8:   a1 ff ff 54 e0 03 14 aa a6 1b 00 94 c0 02 40 f9
=>0x00000001083081f8:   08 00 40 f9 08 f5 40 f9 1f 20 03 d5 1f 20 03 d5
  0x0000000108308208:   69 2b 11 98 61 6a 69 f8 1f 20 03 d5 1f 20 03 d5
  0x0000000108308218:   42 a1 12 58 a9 43 80 52 e9 03 00 f9 00 01 3f d6
  0x0000000108308228:   a8 83 5c f8 1f 20 03 d5 89 f7 0b 58 29 01 40 f9
  0x0000000108308238:   3f 01 08 eb e1 00 00 54 ff 83 10 91 fd 7b 43 a9
  0x0000000108308248:   f4 4f 42 a9 f6 57 41 a9 f8 5f c4 a8 c0 03 5f d6
  0x0000000108308258:   59 1b 00 94 f6 57 bd a9 f4 4f 01 a9 fd 7b 02 a9
  0x0000000108308268:   fd 83 00 91 f3 03 00 aa 1f 20 03 d5 1f 20 03 d5
  0x0000000108308278:   14 28 11 98 00 68 74 f8 f8 28 00 94 a0 00 00 b4
  0x0000000108308288:   60 6a 74 f8 f5 28 00 94 62 6a 74 f8 eb 29 00 94
  0x0000000108308298:   60 6a 74 f8 19 22 00 94 f4 03 00 aa 8f 22 00 94
  0x00000001083082a8:   60 01 00 b4 15 00 80 d2 e0 03 14 aa e2 03 15 aa
  0x00000001083082b8:   92 28 00 94 31 22 00 94 b5 06 00 91 e0 03 14 aa
  0x00000001083082c8:   86 22 00 94 bf 02 00 eb 03 ff ff 54 1f 20 03 d5
  0x00000001083082d8:   1f 20 03 d5 20 97 12 58 c0 01 00 b4 08 00 40 f9
  0x00000001083082e8:   03 f5 40 f9 1f 20 03 d5 1f 20 03 d5 08 24 11 98



---------------  P R O C E S S  ---------------

VM state: at safepoint (normal execution)

VM Mutex/Monitor currently owned by a thread:  ([mutex/lock_event])
[0x0000000109378c90] Threads_lock - owner thread: 0x0000000aad452800
[0x0000000109378f10] Heap_lock - owner thread: 0x0000000aaec1e800

Heap address: 0x00000003c0000000, size: 4096 MB, Compressed Oops mode: Zero based, Oop shift amount: 3

CDS archive(s) mapped at: [0x00007ff800000000-0x00007ff800dac000-0x00007ff800dac000), size 14336000, SharedBaseAddress: 0x00007ff800000000, ArchiveRelocationMode: 1.
Compressed class space mapped at: 0x00007ff801000000-0x00007ff841000000, reserved size: 1073741824
UseCompressedClassPointers 1, UseCompactObjectHeaders 0
Narrow klass pointer bits 32, Max shift 3
Narrow klass base: 0x00007ff800000000, Narrow klass shift: 0
Encoding Range: [0x00007ff800000000 - 0x00007ff900000000), (4294967296 bytes)
Klass Range:    [0x00007ff800000000 - 0x00007ff841000000), (1090519040 bytes)
Klass ID Range:  [8 - 1090519033) (1090519025)
Protection zone: [0x00007ff800000000 - 0x00007ff800004000), (16384 bytes)

GC Precious Log:
<Skipped>

Heap:
 garbage-first heap   total reserved 4194304K, committed 438272K, used 344076K [0x00000003c0000000, 0x00000004c0000000)
  region size 2M, 38 eden (76M), 2 survivor (4M), 7 old (14M), 123 humongous (246M), 44 free (88M)

Heap Regions: E=young(eden), S=young(survivor), O=old, HS=humongous(starts), HC=humongous(continues), CS=collection set, F=free, TAMS=top-at-mark-start, PB=parsable bottom
|    0|0x00000003c0000000, 0x00000003c0200000, 0x00000003c0200000|100%| O|  |TAMS 0x00000003c0000000| PB 0x00000003c0000000| Untracked |  0
|    1|0x00000003c0200000, 0x00000003c0400000, 0x00000003c0400000|100%| O|  |TAMS 0x00000003c0200000| PB 0x00000003c0200000| Untracked |  0
|    2|0x00000003c0400000, 0x00000003c0600000, 0x00000003c0600000|100%| O|  |TAMS 0x00000003c0400000| PB 0x00000003c0400000| Untracked |  0
|    3|0x00000003c0600000, 0x00000003c0800000, 0x00000003c0800000|100%| O|Cm|TAMS 0x00000003c0600000| PB 0x00000003c0600000| Complete  |  0
|    4|0x00000003c0800000, 0x00000003c0a00000, 0x00000003c0a00000|100%|HS|  |TAMS 0x00000003c0800000| PB 0x00000003c0800000| Complete  |  0
|    5|0x00000003c0a00000, 0x00000003c0c00000, 0x00000003c0c00000|100%|HC|  |TAMS 0x00000003c0a00000| PB 0x00000003c0a00000| Complete  |  0
|    6|0x00000003c0c00000, 0x00000003c0e00000, 0x00000003c0e00000|100%| O|  |TAMS 0x00000003c0c00000| PB 0x00000003c0c00000| Untracked |  0
|    7|0x00000003c0e00000, 0x00000003c1000000, 0x00000003c1000000|100%|HS|  |TAMS 0x00000003c0e00000| PB 0x00000003c0e00000| Complete  |  0
|    8|0x00000003c1000000, 0x00000003c1200000, 0x00000003c1200000|100%|HC|  |TAMS 0x00000003c1000000| PB 0x00000003c1000000| Complete  |  0
|    9|0x00000003c1200000, 0x00000003c1400000, 0x00000003c1400000|100%|HC|  |TAMS 0x00000003c1200000| PB 0x00000003c1200000| Complete  |  0
|   10|0x00000003c1400000, 0x00000003c1600000, 0x00000003c1600000|100%|HC|  |TAMS 0x00000003c1400000| PB 0x00000003c1400000| Complete  |  0
|   11|0x00000003c1600000, 0x00000003c1800000, 0x00000003c1800000|100%|HC|  |TAMS 0x00000003c1600000| PB 0x00000003c1600000| Complete  |  0
|   12|0x00000003c1800000, 0x00000003c1a00000, 0x00000003c1a00000|100%|HC|  |TAMS 0x00000003c1800000| PB 0x00000003c1800000| Complete  |  0
|   13|0x00000003c1a00000, 0x00000003c1c00000, 0x00000003c1c00000|100%|HC|  |TAMS 0x00000003c1a00000| PB 0x00000003c1a00000| Complete  |  0
|   14|0x00000003c1c00000, 0x00000003c1e00000, 0x00000003c1e00000|100%|HC|  |TAMS 0x00000003c1c00000| PB 0x00000003c1c00000| Complete  |  0
|   15|0x00000003c1e00000, 0x00000003c2000000, 0x00000003c2000000|100%|HC|  |TAMS 0x00000003c1e00000| PB 0x00000003c1e00000| Complete  |  0
|   16|0x00000003c2000000, 0x00000003c2200000, 0x00000003c2200000|100%|HC|  |TAMS 0x00000003c2000000| PB 0x00000003c2000000| Complete  |  0
|   17|0x00000003c2200000, 0x00000003c2400000, 0x00000003c2400000|100%|HC|  |TAMS 0x00000003c2200000| PB 0x00000003c2200000| Complete  |  0
|   18|0x00000003c2400000, 0x00000003c2600000, 0x00000003c2600000|100%|HC|  |TAMS 0x00000003c2400000| PB 0x00000003c2400000| Complete  |  0
|   19|0x00000003c2600000, 0x00000003c2800000, 0x00000003c2800000|100%|HS|  |TAMS 0x00000003c2600000| PB 0x00000003c2600000| Complete  |  0
|   20|0x00000003c2800000, 0x00000003c2a00000, 0x00000003c2a00000|100%|HS|  |TAMS 0x00000003c2800000| PB 0x00000003c2800000| Complete  |  0
|   21|0x00000003c2a00000, 0x00000003c2c00000, 0x00000003c2c00000|100%|HC|  |TAMS 0x00000003c2a00000| PB 0x00000003c2a00000| Complete  |  0
|   22|0x00000003c2c00000, 0x00000003c2e00000, 0x00000003c2e00000|100%|HS|  |TAMS 0x00000003c2c00000| PB 0x00000003c2c00000| Complete  |  0
|   23|0x00000003c2e00000, 0x00000003c3000000, 0x00000003c3000000|100%|HC|  |TAMS 0x00000003c2e00000| PB 0x00000003c2e00000| Complete  |  0
|   24|0x00000003c3000000, 0x00000003c3200000, 0x00000003c3200000|100%|HS|  |TAMS 0x00000003c3000000| PB 0x00000003c3000000| Complete  |  0
|   25|0x00000003c3200000, 0x00000003c3400000, 0x00000003c3400000|100%|HC|  |TAMS 0x00000003c3200000| PB 0x00000003c3200000| Complete  |  0
|   26|0x00000003c3400000, 0x00000003c3600000, 0x00000003c3600000|100%|HC|  |TAMS 0x00000003c3400000| PB 0x00000003c3400000| Complete  |  0
|   27|0x00000003c3600000, 0x00000003c3800000, 0x00000003c3800000|100%|HC|  |TAMS 0x00000003c3600000| PB 0x00000003c3600000| Complete  |  0
|   28|0x00000003c3800000, 0x00000003c3a00000, 0x00000003c3a00000|100%|HC|  |TAMS 0x00000003c3800000| PB 0x00000003c3800000| Complete  |  0
|   29|0x00000003c3a00000, 0x00000003c3c00000, 0x00000003c3c00000|100%|HC|  |TAMS 0x00000003c3a00000| PB 0x00000003c3a00000| Complete  |  0
|   30|0x00000003c3c00000, 0x00000003c3e00000, 0x00000003c3e00000|100%|HC|  |TAMS 0x00000003c3c00000| PB 0x00000003c3c00000| Complete  |  0
|   31|0x00000003c3e00000, 0x00000003c4000000, 0x00000003c4000000|100%|HC|  |TAMS 0x00000003c3e00000| PB 0x00000003c3e00000| Complete  |  0
|   32|0x00000003c4000000, 0x00000003c4200000, 0x00000003c4200000|100%|HC|  |TAMS 0x00000003c4000000| PB 0x00000003c4000000| Complete  |  0
|   33|0x00000003c4200000, 0x00000003c4400000, 0x00000003c4400000|100%|HC|  |TAMS 0x00000003c4200000| PB 0x00000003c4200000| Complete  |  0
|   34|0x00000003c4400000, 0x00000003c4600000, 0x00000003c4600000|100%|HC|  |TAMS 0x00000003c4400000| PB 0x00000003c4400000| Complete  |  0
|   35|0x00000003c4600000, 0x00000003c4800000, 0x00000003c4800000|100%|HC|  |TAMS 0x00000003c4600000| PB 0x00000003c4600000| Complete  |  0
|   36|0x00000003c4800000, 0x00000003c4800000, 0x00000003c4a00000|  0%| F|  |TAMS 0x00000003c4800000| PB 0x00000003c4800000| Untracked |  0
|   37|0x00000003c4a00000, 0x00000003c4a00000, 0x00000003c4c00000|  0%| F|  |TAMS 0x00000003c4a00000| PB 0x00000003c4a00000| Untracked |  0
|   38|0x00000003c4c00000, 0x00000003c4c00000, 0x00000003c4e00000|  0%| F|  |TAMS 0x00000003c4c00000| PB 0x00000003c4c00000| Untracked |  0
|   39|0x00000003c4e00000, 0x00000003c4e00000, 0x00000003c5000000|  0%| F|  |TAMS 0x00000003c4e00000| PB 0x00000003c4e00000| Untracked |  0
|   40|0x00000003c5000000, 0x00000003c5000000, 0x00000003c5200000|  0%| F|  |TAMS 0x00000003c5000000| PB 0x00000003c5000000| Untracked |  0
|   41|0x00000003c5200000, 0x00000003c5200000, 0x00000003c5400000|  0%| F|  |TAMS 0x00000003c5200000| PB 0x00000003c5200000| Untracked |  0
|   42|0x00000003c5400000, 0x00000003c5400000, 0x00000003c5600000|  0%| F|  |TAMS 0x00000003c5400000| PB 0x00000003c5400000| Untracked |  0
|   43|0x00000003c5600000, 0x00000003c5600000, 0x00000003c5800000|  0%| F|  |TAMS 0x00000003c5600000| PB 0x00000003c5600000| Untracked |  0
|   44|0x00000003c5800000, 0x00000003c5800000, 0x00000003c5a00000|  0%| F|  |TAMS 0x00000003c5800000| PB 0x00000003c5800000| Untracked |  0
|   45|0x00000003c5a00000, 0x00000003c5a00000, 0x00000003c5c00000|  0%| F|  |TAMS 0x00000003c5a00000| PB 0x00000003c5a00000| Untracked |  0
|   46|0x00000003c5c00000, 0x00000003c5c00000, 0x00000003c5e00000|  0%| F|  |TAMS 0x00000003c5c00000| PB 0x00000003c5c00000| Untracked |  0
|   47|0x00000003c5e00000, 0x00000003c5e00000, 0x00000003c6000000|  0%| F|  |TAMS 0x00000003c5e00000| PB 0x00000003c5e00000| Untracked |  0
|   48|0x00000003c6000000, 0x00000003c6000000, 0x00000003c6200000|  0%| F|  |TAMS 0x00000003c6000000| PB 0x00000003c6000000| Untracked |  0
|   49|0x00000003c6200000, 0x00000003c6200000, 0x00000003c6400000|  0%| F|  |TAMS 0x00000003c6200000| PB 0x00000003c6200000| Untracked |  0
|   50|0x00000003c6400000, 0x00000003c6400000, 0x00000003c6600000|  0%| F|  |TAMS 0x00000003c6400000| PB 0x00000003c6400000| Untracked |  0
|   51|0x00000003c6600000, 0x00000003c6600000, 0x00000003c6800000|  0%| F|  |TAMS 0x00000003c6600000| PB 0x00000003c6600000| Untracked |  0
|   52|0x00000003c6800000, 0x00000003c6800000, 0x00000003c6a00000|  0%| F|  |TAMS 0x00000003c6800000| PB 0x00000003c6800000| Untracked |  0
|   53|0x00000003c6a00000, 0x00000003c6a00000, 0x00000003c6c00000|  0%| F|  |TAMS 0x00000003c6a00000| PB 0x00000003c6a00000| Untracked |  0
|   54|0x00000003c6c00000, 0x00000003c6c00000, 0x00000003c6e00000|  0%| F|  |TAMS 0x00000003c6c00000| PB 0x00000003c6c00000| Untracked |  0
|   55|0x00000003c6e00000, 0x00000003c6e00000, 0x00000003c7000000|  0%| F|  |TAMS 0x00000003c6e00000| PB 0x00000003c6e00000| Untracked |  0
|   56|0x00000003c7000000, 0x00000003c7000000, 0x00000003c7200000|  0%| F|  |TAMS 0x00000003c7000000| PB 0x00000003c7000000| Untracked |  0
|   57|0x00000003c7200000, 0x00000003c7200000, 0x00000003c7400000|  0%| F|  |TAMS 0x00000003c7200000| PB 0x00000003c7200000| Untracked |  0
|   58|0x00000003c7400000, 0x00000003c7400000, 0x00000003c7600000|  0%| F|  |TAMS 0x00000003c7400000| PB 0x00000003c7400000| Untracked |  0
|   59|0x00000003c7600000, 0x00000003c7600000, 0x00000003c7800000|  0%| F|  |TAMS 0x00000003c7600000| PB 0x00000003c7600000| Untracked |  0
|   60|0x00000003c7800000, 0x00000003c7800000, 0x00000003c7a00000|  0%| F|  |TAMS 0x00000003c7800000| PB 0x00000003c7800000| Untracked |  0
|   61|0x00000003c7a00000, 0x00000003c7a00000, 0x00000003c7c00000|  0%| F|  |TAMS 0x00000003c7a00000| PB 0x00000003c7a00000| Untracked |  0
|   62|0x00000003c7c00000, 0x00000003c7c00000, 0x00000003c7e00000|  0%| F|  |TAMS 0x00000003c7c00000| PB 0x00000003c7c00000| Untracked |  0
|   63|0x00000003c7e00000, 0x00000003c7e00000, 0x00000003c8000000|  0%| F|  |TAMS 0x00000003c7e00000| PB 0x00000003c7e00000| Untracked |  0
|   64|0x00000003c8000000, 0x00000003c8000000, 0x00000003c8200000|  0%| F|  |TAMS 0x00000003c8000000| PB 0x00000003c8000000| Untracked |  0
|   65|0x00000003c8200000, 0x00000003c8200000, 0x00000003c8400000|  0%| F|  |TAMS 0x00000003c8200000| PB 0x00000003c8200000| Untracked |  0
|   66|0x00000003c8400000, 0x00000003c8400000, 0x00000003c8600000|  0%| F|  |TAMS 0x00000003c8400000| PB 0x00000003c8400000| Untracked |  0
|   67|0x00000003c8600000, 0x00000003c8600000, 0x00000003c8800000|  0%| F|  |TAMS 0x00000003c8600000| PB 0x00000003c8600000| Untracked |  0
|   68|0x00000003c8800000, 0x00000003c8800000, 0x00000003c8a00000|  0%| F|  |TAMS 0x00000003c8800000| PB 0x00000003c8800000| Untracked |  0
|   69|0x00000003c8a00000, 0x00000003c8a00000, 0x00000003c8c00000|  0%| F|  |TAMS 0x00000003c8a00000| PB 0x00000003c8a00000| Untracked |  0
|   70|0x00000003c8c00000, 0x00000003c8c00000, 0x00000003c8e00000|  0%| F|  |TAMS 0x00000003c8c00000| PB 0x00000003c8c00000| Untracked |  0
|   71|0x00000003c8e00000, 0x00000003c8e00000, 0x00000003c9000000|  0%| F|  |TAMS 0x00000003c8e00000| PB 0x00000003c8e00000| Untracked |  0
|   72|0x00000003c9000000, 0x00000003c9000000, 0x00000003c9200000|  0%| F|  |TAMS 0x00000003c9000000| PB 0x00000003c9000000| Untracked |  0
|   73|0x00000003c9200000, 0x00000003c9200000, 0x00000003c9400000|  0%| F|  |TAMS 0x00000003c9200000| PB 0x00000003c9200000| Untracked |  0
|   74|0x00000003c9400000, 0x00000003c9400000, 0x00000003c9600000|  0%| F|  |TAMS 0x00000003c9400000| PB 0x00000003c9400000| Untracked |  0
|   75|0x00000003c9600000, 0x00000003c9600000, 0x00000003c9800000|  0%| F|  |TAMS 0x00000003c9600000| PB 0x00000003c9600000| Untracked |  0
|   76|0x00000003c9800000, 0x00000003c9800000, 0x00000003c9a00000|  0%| F|  |TAMS 0x00000003c9800000| PB 0x00000003c9800000| Untracked |  0
|   77|0x00000003c9a00000, 0x00000003c9a00000, 0x00000003c9c00000|  0%| F|  |TAMS 0x00000003c9a00000| PB 0x00000003c9a00000| Untracked |  0
|   78|0x00000003c9c00000, 0x00000003c9c00000, 0x00000003c9e00000|  0%| F|  |TAMS 0x00000003c9c00000| PB 0x00000003c9c00000| Untracked |  0
|   79|0x00000003c9e00000, 0x00000003c9e00000, 0x00000003ca000000|  0%| F|  |TAMS 0x00000003c9e00000| PB 0x00000003c9e00000| Untracked |  0
|   80|0x00000003ca000000, 0x00000003ca100000, 0x00000003ca200000| 50%| E|CS|TAMS 0x00000003ca000000| PB 0x00000003ca000000| Complete  |  0
|   81|0x00000003ca200000, 0x00000003ca400000, 0x00000003ca400000|100%| E|CS|TAMS 0x00000003ca200000| PB 0x00000003ca200000| Complete  |  0
|   82|0x00000003ca400000, 0x00000003ca600000, 0x00000003ca600000|100%| E|CS|TAMS 0x00000003ca400000| PB 0x00000003ca400000| Complete  |  0
|   83|0x00000003ca600000, 0x00000003ca800000, 0x00000003ca800000|100%| E|CS|TAMS 0x00000003ca600000| PB 0x00000003ca600000| Complete  |  0
|   84|0x00000003ca800000, 0x00000003caa00000, 0x00000003caa00000|100%| E|CS|TAMS 0x00000003ca800000| PB 0x00000003ca800000| Complete  |  0
|   85|0x00000003caa00000, 0x00000003cac00000, 0x00000003cac00000|100%| E|CS|TAMS 0x00000003caa00000| PB 0x00000003caa00000| Complete  |  0
|   86|0x00000003cac00000, 0x00000003cae00000, 0x00000003cae00000|100%| E|CS|TAMS 0x00000003cac00000| PB 0x00000003cac00000| Complete  |  0
|   87|0x00000003cae00000, 0x00000003cb000000, 0x00000003cb000000|100%| E|CS|TAMS 0x00000003cae00000| PB 0x00000003cae00000| Complete  |  0
|   88|0x00000003cb000000, 0x00000003cb200000, 0x00000003cb200000|100%| E|CS|TAMS 0x00000003cb000000| PB 0x00000003cb000000| Complete  |  0
|   89|0x00000003cb200000, 0x00000003cb400000, 0x00000003cb400000|100%| E|CS|TAMS 0x00000003cb200000| PB 0x00000003cb200000| Complete  |  0
|   90|0x00000003cb400000, 0x00000003cb600000, 0x00000003cb600000|100%| E|CS|TAMS 0x00000003cb400000| PB 0x00000003cb400000| Complete  |  0
|   91|0x00000003cb600000, 0x00000003cb800000, 0x00000003cb800000|100%| E|CS|TAMS 0x00000003cb600000| PB 0x00000003cb600000| Complete  |  0
|   92|0x00000003cb800000, 0x00000003cba00000, 0x00000003cba00000|100%| E|CS|TAMS 0x00000003cb800000| PB 0x00000003cb800000| Complete  |  0
|   93|0x00000003cba00000, 0x00000003cbc00000, 0x00000003cbc00000|100%| E|CS|TAMS 0x00000003cba00000| PB 0x00000003cba00000| Complete  |  0
|   94|0x00000003cbc00000, 0x00000003cbe00000, 0x00000003cbe00000|100%| E|CS|TAMS 0x00000003cbc00000| PB 0x00000003cbc00000| Complete  |  0
|   95|0x00000003cbe00000, 0x00000003cc000000, 0x00000003cc000000|100%| E|CS|TAMS 0x00000003cbe00000| PB 0x00000003cbe00000| Complete  |  0
|   96|0x00000003cc000000, 0x00000003cc200000, 0x00000003cc200000|100%| E|CS|TAMS 0x00000003cc000000| PB 0x00000003cc000000| Complete  |  0
|   97|0x00000003cc200000, 0x00000003cc400000, 0x00000003cc400000|100%| E|CS|TAMS 0x00000003cc200000| PB 0x00000003cc200000| Complete  |  0
|   98|0x00000003cc400000, 0x00000003cc600000, 0x00000003cc600000|100%| E|CS|TAMS 0x00000003cc400000| PB 0x00000003cc400000| Complete  |  0
|   99|0x00000003cc600000, 0x00000003cc800000, 0x00000003cc800000|100%| E|CS|TAMS 0x00000003cc600000| PB 0x00000003cc600000| Complete  |  0
|  100|0x00000003cc800000, 0x00000003cca00000, 0x00000003cca00000|100%| E|CS|TAMS 0x00000003cc800000| PB 0x00000003cc800000| Complete  |  0
|  101|0x00000003cca00000, 0x00000003ccc00000, 0x00000003ccc00000|100%| E|CS|TAMS 0x00000003cca00000| PB 0x00000003cca00000| Complete  |  0
|  102|0x00000003ccc00000, 0x00000003cce00000, 0x00000003cce00000|100%| E|CS|TAMS 0x00000003ccc00000| PB 0x00000003ccc00000| Complete  |  0
|  103|0x00000003cce00000, 0x00000003cd000000, 0x00000003cd000000|100%| E|CS|TAMS 0x00000003cce00000| PB 0x00000003cce00000| Complete  |  0
|  104|0x00000003cd000000, 0x00000003cd200000, 0x00000003cd200000|100%| E|CS|TAMS 0x00000003cd000000| PB 0x00000003cd000000| Complete  |  0
|  105|0x00000003cd200000, 0x00000003cd400000, 0x00000003cd400000|100%| E|CS|TAMS 0x00000003cd200000| PB 0x00000003cd200000| Complete  |  0
|  106|0x00000003cd400000, 0x00000003cd600000, 0x00000003cd600000|100%| E|CS|TAMS 0x00000003cd400000| PB 0x00000003cd400000| Complete  |  0
|  107|0x00000003cd600000, 0x00000003cd800000, 0x00000003cd800000|100%| E|CS|TAMS 0x00000003cd600000| PB 0x00000003cd600000| Complete  |  0
|  108|0x00000003cd800000, 0x00000003cda00000, 0x00000003cda00000|100%| E|CS|TAMS 0x00000003cd800000| PB 0x00000003cd800000| Complete  |  0
|  109|0x00000003cda00000, 0x00000003cdc00000, 0x00000003cdc00000|100%| E|CS|TAMS 0x00000003cda00000| PB 0x00000003cda00000| Complete  |  0
|  110|0x00000003cdc00000, 0x00000003cde00000, 0x00000003cde00000|100%| E|CS|TAMS 0x00000003cdc00000| PB 0x00000003cdc00000| Complete  |  0
|  111|0x00000003cde00000, 0x00000003ce000000, 0x00000003ce000000|100%| E|CS|TAMS 0x00000003cde00000| PB 0x00000003cde00000| Complete  |  0
|  112|0x00000003ce000000, 0x00000003ce200000, 0x00000003ce200000|100%| E|CS|TAMS 0x00000003ce000000| PB 0x00000003ce000000| Complete  |  0
|  113|0x00000003ce200000, 0x00000003ce400000, 0x00000003ce400000|100%| E|CS|TAMS 0x00000003ce200000| PB 0x00000003ce200000| Complete  |  0
|  114|0x00000003ce400000, 0x00000003ce600000, 0x00000003ce600000|100%| E|CS|TAMS 0x00000003ce400000| PB 0x00000003ce400000| Complete  |  0
|  115|0x00000003ce600000, 0x00000003ce800000, 0x00000003ce800000|100%| E|CS|TAMS 0x00000003ce600000| PB 0x00000003ce600000| Complete  |  0
|  116|0x00000003ce800000, 0x00000003ce879308, 0x00000003cea00000| 23%| S|CS|TAMS 0x00000003ce800000| PB 0x00000003ce800000| Complete  |  0
|  117|0x00000003cea00000, 0x00000003cec00000, 0x00000003cec00000|100%| S|CS|TAMS 0x00000003cea00000| PB 0x00000003cea00000| Complete  |  0
|  118|0x00000003cec00000, 0x00000003cee00000, 0x00000003cee00000|100%|HS|  |TAMS 0x00000003cec00000| PB 0x00000003cec00000| Complete  |  0
|  119|0x00000003cee00000, 0x00000003cf000000, 0x00000003cf000000|100%|HC|  |TAMS 0x00000003cee00000| PB 0x00000003cee00000| Complete  |  0
|  120|0x00000003cf000000, 0x00000003cf200000, 0x00000003cf200000|100%|HC|  |TAMS 0x00000003cf000000| PB 0x00000003cf000000| Complete  |  0
|  121|0x00000003cf200000, 0x00000003cf400000, 0x00000003cf400000|100%|HC|  |TAMS 0x00000003cf200000| PB 0x00000003cf200000| Complete  |  0
|  122|0x00000003cf400000, 0x00000003cf600000, 0x00000003cf600000|100%|HC|  |TAMS 0x00000003cf400000| PB 0x00000003cf400000| Complete  |  0
|  123|0x00000003cf600000, 0x00000003cf800000, 0x00000003cf800000|100%|HC|  |TAMS 0x00000003cf600000| PB 0x00000003cf600000| Complete  |  0
|  124|0x00000003cf800000, 0x00000003cfa00000, 0x00000003cfa00000|100%|HC|  |TAMS 0x00000003cf800000| PB 0x00000003cf800000| Complete  |  0
|  125|0x00000003cfa00000, 0x00000003cfc00000, 0x00000003cfc00000|100%|HC|  |TAMS 0x00000003cfa00000| PB 0x00000003cfa00000| Complete  |  0
|  126|0x00000003cfc00000, 0x00000003cfe00000, 0x00000003cfe00000|100%|HC|  |TAMS 0x00000003cfc00000| PB 0x00000003cfc00000| Complete  |  0
|  127|0x00000003cfe00000, 0x00000003d0000000, 0x00000003d0000000|100%|HC|  |TAMS 0x00000003cfe00000| PB 0x00000003cfe00000| Complete  |  0
|  128|0x00000003d0000000, 0x00000003d0200000, 0x00000003d0200000|100%|HC|  |TAMS 0x00000003d0000000| PB 0x00000003d0000000| Complete  |  0
|  129|0x00000003d0200000, 0x00000003d0400000, 0x00000003d0400000|100%|HC|  |TAMS 0x00000003d0200000| PB 0x00000003d0200000| Complete  |  0
|  130|0x00000003d0400000, 0x00000003d0600000, 0x00000003d0600000|100%|HC|  |TAMS 0x00000003d0400000| PB 0x00000003d0400000| Complete  |  0
|  131|0x00000003d0600000, 0x00000003d0800000, 0x00000003d0800000|100%|HC|  |TAMS 0x00000003d0600000| PB 0x00000003d0600000| Complete  |  0
|  132|0x00000003d0800000, 0x00000003d0a00000, 0x00000003d0a00000|100%|HC|  |TAMS 0x00000003d0800000| PB 0x00000003d0800000| Complete  |  0
|  133|0x00000003d0a00000, 0x00000003d0c00000, 0x00000003d0c00000|100%|HC|  |TAMS 0x00000003d0a00000| PB 0x00000003d0a00000| Complete  |  0
|  134|0x00000003d0c00000, 0x00000003d0e00000, 0x00000003d0e00000|100%|HC|  |TAMS 0x00000003d0c00000| PB 0x00000003d0c00000| Complete  |  0
|  135|0x00000003d0e00000, 0x00000003d1000000, 0x00000003d1000000|100%|HC|  |TAMS 0x00000003d0e00000| PB 0x00000003d0e00000| Complete  |  0
|  136|0x00000003d1000000, 0x00000003d1200000, 0x00000003d1200000|100%|HC|  |TAMS 0x00000003d1000000| PB 0x00000003d1000000| Complete  |  0
|  137|0x00000003d1200000, 0x00000003d1400000, 0x00000003d1400000|100%|HC|  |TAMS 0x00000003d1200000| PB 0x00000003d1200000| Complete  |  0
|  138|0x00000003d1400000, 0x00000003d1600000, 0x00000003d1600000|100%|HC|  |TAMS 0x00000003d1400000| PB 0x00000003d1400000| Complete  |  0
|  139|0x00000003d1600000, 0x00000003d1800000, 0x00000003d1800000|100%|HC|  |TAMS 0x00000003d1600000| PB 0x00000003d1600000| Complete  |  0
|  140|0x00000003d1800000, 0x00000003d1a00000, 0x00000003d1a00000|100%|HC|  |TAMS 0x00000003d1800000| PB 0x00000003d1800000| Complete  |  0
|  141|0x00000003d1a00000, 0x00000003d1c00000, 0x00000003d1c00000|100%|HC|  |TAMS 0x00000003d1a00000| PB 0x00000003d1a00000| Complete  |  0
|  142|0x00000003d1c00000, 0x00000003d1e00000, 0x00000003d1e00000|100%|HC|  |TAMS 0x00000003d1c00000| PB 0x00000003d1c00000| Complete  |  0
|  143|0x00000003d1e00000, 0x00000003d2000000, 0x00000003d2000000|100%|HC|  |TAMS 0x00000003d1e00000| PB 0x00000003d1e00000| Complete  |  0
|  144|0x00000003d2000000, 0x00000003d2200000, 0x00000003d2200000|100%|HC|  |TAMS 0x00000003d2000000| PB 0x00000003d2000000| Complete  |  0
|  145|0x00000003d2200000, 0x00000003d2400000, 0x00000003d2400000|100%|HC|  |TAMS 0x00000003d2200000| PB 0x00000003d2200000| Complete  |  0
|  146|0x00000003d2400000, 0x00000003d2600000, 0x00000003d2600000|100%|HC|  |TAMS 0x00000003d2400000| PB 0x00000003d2400000| Complete  |  0
|  147|0x00000003d2600000, 0x00000003d2800000, 0x00000003d2800000|100%|HC|  |TAMS 0x00000003d2600000| PB 0x00000003d2600000| Complete  |  0
|  148|0x00000003d2800000, 0x00000003d2a00000, 0x00000003d2a00000|100%|HC|  |TAMS 0x00000003d2800000| PB 0x00000003d2800000| Complete  |  0
|  149|0x00000003d2a00000, 0x00000003d2c00000, 0x00000003d2c00000|100%|HC|  |TAMS 0x00000003d2a00000| PB 0x00000003d2a00000| Complete  |  0
|  150|0x00000003d2c00000, 0x00000003d2e00000, 0x00000003d2e00000|100%|HC|  |TAMS 0x00000003d2c00000| PB 0x00000003d2c00000| Complete  |  0
|  151|0x00000003d2e00000, 0x00000003d3000000, 0x00000003d3000000|100%|HC|  |TAMS 0x00000003d2e00000| PB 0x00000003d2e00000| Complete  |  0
|  152|0x00000003d3000000, 0x00000003d3200000, 0x00000003d3200000|100%|HC|  |TAMS 0x00000003d3000000| PB 0x00000003d3000000| Complete  |  0
|  153|0x00000003d3200000, 0x00000003d3400000, 0x00000003d3400000|100%|HC|  |TAMS 0x00000003d3200000| PB 0x00000003d3200000| Complete  |  0
|  154|0x00000003d3400000, 0x00000003d3600000, 0x00000003d3600000|100%|HC|  |TAMS 0x00000003d3400000| PB 0x00000003d3400000| Complete  |  0
|  155|0x00000003d3600000, 0x00000003d3800000, 0x00000003d3800000|100%|HC|  |TAMS 0x00000003d3600000| PB 0x00000003d3600000| Complete  |  0
|  156|0x00000003d3800000, 0x00000003d3a00000, 0x00000003d3a00000|100%|HC|  |TAMS 0x00000003d3800000| PB 0x00000003d3800000| Complete  |  0
|  157|0x00000003d3a00000, 0x00000003d3c00000, 0x00000003d3c00000|100%|HC|  |TAMS 0x00000003d3a00000| PB 0x00000003d3a00000| Complete  |  0
|  158|0x00000003d3c00000, 0x00000003d3e00000, 0x00000003d3e00000|100%|HC|  |TAMS 0x00000003d3c00000| PB 0x00000003d3c00000| Complete  |  0
|  159|0x00000003d3e00000, 0x00000003d4000000, 0x00000003d4000000|100%|HC|  |TAMS 0x00000003d3e00000| PB 0x00000003d3e00000| Complete  |  0
|  160|0x00000003d4000000, 0x00000003d4200000, 0x00000003d4200000|100%|HC|  |TAMS 0x00000003d4000000| PB 0x00000003d4000000| Complete  |  0
|  161|0x00000003d4200000, 0x00000003d4400000, 0x00000003d4400000|100%|HC|  |TAMS 0x00000003d4200000| PB 0x00000003d4200000| Complete  |  0
|  162|0x00000003d4400000, 0x00000003d4600000, 0x00000003d4600000|100%|HC|  |TAMS 0x00000003d4400000| PB 0x00000003d4400000| Complete  |  0
|  163|0x00000003d4600000, 0x00000003d4800000, 0x00000003d4800000|100%|HC|  |TAMS 0x00000003d4600000| PB 0x00000003d4600000| Complete  |  0
|  164|0x00000003d4800000, 0x00000003d4a00000, 0x00000003d4a00000|100%|HC|  |TAMS 0x00000003d4800000| PB 0x00000003d4800000| Complete  |  0
|  165|0x00000003d4a00000, 0x00000003d4c00000, 0x00000003d4c00000|100%|HC|  |TAMS 0x00000003d4a00000| PB 0x00000003d4a00000| Complete  |  0
|  166|0x00000003d4c00000, 0x00000003d4e00000, 0x00000003d4e00000|100%|HC|  |TAMS 0x00000003d4c00000| PB 0x00000003d4c00000| Complete  |  0
|  167|0x00000003d4e00000, 0x00000003d5000000, 0x00000003d5000000|100%|HC|  |TAMS 0x00000003d4e00000| PB 0x00000003d4e00000| Complete  |  0
|  168|0x00000003d5000000, 0x00000003d5200000, 0x00000003d5200000|100%|HC|  |TAMS 0x00000003d5000000| PB 0x00000003d5000000| Complete  |  0
|  169|0x00000003d5200000, 0x00000003d5400000, 0x00000003d5400000|100%|HC|  |TAMS 0x00000003d5200000| PB 0x00000003d5200000| Complete  |  0
|  170|0x00000003d5400000, 0x00000003d5600000, 0x00000003d5600000|100%|HC|  |TAMS 0x00000003d5400000| PB 0x00000003d5400000| Complete  |  0
|  171|0x00000003d5600000, 0x00000003d5800000, 0x00000003d5800000|100%|HC|  |TAMS 0x00000003d5600000| PB 0x00000003d5600000| Complete  |  0
|  172|0x00000003d5800000, 0x00000003d5a00000, 0x00000003d5a00000|100%|HC|  |TAMS 0x00000003d5800000| PB 0x00000003d5800000| Complete  |  0
|  173|0x00000003d5a00000, 0x00000003d5c00000, 0x00000003d5c00000|100%|HC|  |TAMS 0x00000003d5a00000| PB 0x00000003d5a00000| Complete  |  0
|  174|0x00000003d5c00000, 0x00000003d5e00000, 0x00000003d5e00000|100%|HC|  |TAMS 0x00000003d5c00000| PB 0x00000003d5c00000| Complete  |  0
|  175|0x00000003d5e00000, 0x00000003d6000000, 0x00000003d6000000|100%|HC|  |TAMS 0x00000003d5e00000| PB 0x00000003d5e00000| Complete  |  0
|  176|0x00000003d6000000, 0x00000003d6200000, 0x00000003d6200000|100%|HC|  |TAMS 0x00000003d6000000| PB 0x00000003d6000000| Complete  |  0
|  177|0x00000003d6200000, 0x00000003d6400000, 0x00000003d6400000|100%|HC|  |TAMS 0x00000003d6200000| PB 0x00000003d6200000| Complete  |  0
|  178|0x00000003d6400000, 0x00000003d6600000, 0x00000003d6600000|100%|HC|  |TAMS 0x00000003d6400000| PB 0x00000003d6400000| Complete  |  0
|  179|0x00000003d6600000, 0x00000003d6800000, 0x00000003d6800000|100%|HC|  |TAMS 0x00000003d6600000| PB 0x00000003d6600000| Complete  |  0
|  180|0x00000003d6800000, 0x00000003d6a00000, 0x00000003d6a00000|100%|HC|  |TAMS 0x00000003d6800000| PB 0x00000003d6800000| Complete  |  0
|  181|0x00000003d6a00000, 0x00000003d6c00000, 0x00000003d6c00000|100%|HC|  |TAMS 0x00000003d6a00000| PB 0x00000003d6a00000| Complete  |  0
|  182|0x00000003d6c00000, 0x00000003d6e00000, 0x00000003d6e00000|100%|HC|  |TAMS 0x00000003d6c00000| PB 0x00000003d6c00000| Complete  |  0
|  183|0x00000003d6e00000, 0x00000003d7000000, 0x00000003d7000000|100%|HC|  |TAMS 0x00000003d6e00000| PB 0x00000003d6e00000| Complete  |  0
|  184|0x00000003d7000000, 0x00000003d7200000, 0x00000003d7200000|100%|HC|  |TAMS 0x00000003d7000000| PB 0x00000003d7000000| Complete  |  0
|  185|0x00000003d7200000, 0x00000003d7400000, 0x00000003d7400000|100%|HC|  |TAMS 0x00000003d7200000| PB 0x00000003d7200000| Complete  |  0
|  186|0x00000003d7400000, 0x00000003d7600000, 0x00000003d7600000|100%|HC|  |TAMS 0x00000003d7400000| PB 0x00000003d7400000| Complete  |  0
|  187|0x00000003d7600000, 0x00000003d7800000, 0x00000003d7800000|100%|HC|  |TAMS 0x00000003d7600000| PB 0x00000003d7600000| Complete  |  0
|  188|0x00000003d7800000, 0x00000003d7a00000, 0x00000003d7a00000|100%|HC|  |TAMS 0x00000003d7800000| PB 0x00000003d7800000| Complete  |  0
|  189|0x00000003d7a00000, 0x00000003d7c00000, 0x00000003d7c00000|100%|HC|  |TAMS 0x00000003d7a00000| PB 0x00000003d7a00000| Complete  |  0
|  190|0x00000003d7c00000, 0x00000003d7e00000, 0x00000003d7e00000|100%|HC|  |TAMS 0x00000003d7c00000| PB 0x00000003d7c00000| Complete  |  0
|  191|0x00000003d7e00000, 0x00000003d8000000, 0x00000003d8000000|100%|HC|  |TAMS 0x00000003d7e00000| PB 0x00000003d7e00000| Complete  |  0
|  192|0x00000003d8000000, 0x00000003d8200000, 0x00000003d8200000|100%|HC|  |TAMS 0x00000003d8000000| PB 0x00000003d8000000| Complete  |  0
|  193|0x00000003d8200000, 0x00000003d8400000, 0x00000003d8400000|100%|HC|  |TAMS 0x00000003d8200000| PB 0x00000003d8200000| Complete  |  0
|  194|0x00000003d8400000, 0x00000003d8600000, 0x00000003d8600000|100%|HC|  |TAMS 0x00000003d8400000| PB 0x00000003d8400000| Complete  |  0
|  195|0x00000003d8600000, 0x00000003d8800000, 0x00000003d8800000|100%|HC|  |TAMS 0x00000003d8600000| PB 0x00000003d8600000| Complete  |  0
|  196|0x00000003d8800000, 0x00000003d8a00000, 0x00000003d8a00000|100%|HC|  |TAMS 0x00000003d8800000| PB 0x00000003d8800000| Complete  |  0
|  197|0x00000003d8a00000, 0x00000003d8c00000, 0x00000003d8c00000|100%|HC|  |TAMS 0x00000003d8a00000| PB 0x00000003d8a00000| Complete  |  0
|  198|0x00000003d8c00000, 0x00000003d8e00000, 0x00000003d8e00000|100%|HC|  |TAMS 0x00000003d8c00000| PB 0x00000003d8c00000| Complete  |  0
|  199|0x00000003d8e00000, 0x00000003d9000000, 0x00000003d9000000|100%|HC|  |TAMS 0x00000003d8e00000| PB 0x00000003d8e00000| Complete  |  0
|  200|0x00000003d9000000, 0x00000003d9200000, 0x00000003d9200000|100%|HC|  |TAMS 0x00000003d9000000| PB 0x00000003d9000000| Complete  |  0
|  201|0x00000003d9200000, 0x00000003d9400000, 0x00000003d9400000|100%|HC|  |TAMS 0x00000003d9200000| PB 0x00000003d9200000| Complete  |  0
|  202|0x00000003d9400000, 0x00000003d9600000, 0x00000003d9600000|100%|HC|  |TAMS 0x00000003d9400000| PB 0x00000003d9400000| Complete  |  0
|  203|0x00000003d9600000, 0x00000003d9800000, 0x00000003d9800000|100%|HC|  |TAMS 0x00000003d9600000| PB 0x00000003d9600000| Complete  |  0
|  204|0x00000003d9800000, 0x00000003d9a00000, 0x00000003d9a00000|100%|HC|  |TAMS 0x00000003d9800000| PB 0x00000003d9800000| Complete  |  0
|  205|0x00000003d9a00000, 0x00000003d9c00000, 0x00000003d9c00000|100%|HC|  |TAMS 0x00000003d9a00000| PB 0x00000003d9a00000| Complete  |  0
|  206|0x00000003d9c00000, 0x00000003d9e00000, 0x00000003d9e00000|100%|HC|  |TAMS 0x00000003d9c00000| PB 0x00000003d9c00000| Complete  |  0
|  207|0x00000003d9e00000, 0x00000003da000000, 0x00000003da000000|100%|HC|  |TAMS 0x00000003d9e00000| PB 0x00000003d9e00000| Complete  |  0
|  208|0x00000003da000000, 0x00000003da200000, 0x00000003da200000|100%|HC|  |TAMS 0x00000003da000000| PB 0x00000003da000000| Complete  |  0
|  209|0x00000003da200000, 0x00000003da400000, 0x00000003da400000|100%|HC|  |TAMS 0x00000003da200000| PB 0x00000003da200000| Complete  |  0
| 2044|0x00000004bf800000, 0x00000004bf98a050, 0x00000004bfa00000| 76%| O|  |TAMS 0x00000004bf800000| PB 0x00000004bf800000| Untracked |  0
| 2045|0x00000004bfa00000, 0x00000004bfc00000, 0x00000004bfc00000|100%| E|CS|TAMS 0x00000004bfa00000| PB 0x00000004bfa00000| Complete  |  0
| 2046|0x00000004bfc00000, 0x00000004bfe00000, 0x00000004bfe00000|100%| O|  |TAMS 0x00000004bfc00000| PB 0x00000004bfc00000| Untracked |  0
| 2047|0x00000004bfe00000, 0x00000004c0000000, 0x00000004c0000000|100%| E|CS|TAMS 0x00000004bfe00000| PB 0x00000004bfe00000| Complete  |  0

Card table byte_map: [0x0000000121b08000,0x0000000122308000] _byte_map_base: 0x000000011fd08000
Refinement table byte_map: [0x0000000121308000,0x0000000121b08000] _byte_map_base: 0x000000011f508000

Marking Bits: (CMBitMap*) 0x00000001030067d0
 Bits: [0x0000000122308000, 0x0000000126308000)

Polling page: 0x00000001029fc000

Metaspace:
Metaspace        used 29442K, committed 29760K, reserved 1114112K
 class space     used 4014K, committed 4160K, reserved 1048576K

Usage:
  Non-class:     24.83 MB used.
      Class:      3.92 MB used.
       Both:     28.75 MB used.

Virtual space:
  Non-class space:       64.00 MB reserved,      25.00 MB ( 39%) committed,  1 nodes.
      Class space:        1.00 GB reserved,       4.06 MB ( <1%) committed,  1 nodes.
             Both:        1.06 GB reserved,      29.06 MB (  3%) committed. 

Chunk freelists:
   Non-Class:  6.22 MB
       Class:  11.94 MB
        Both:  18.16 MB

MaxMetaspaceSize: unlimited
CompressedClassSpaceSize: 1.00 GB
Initial GC threshold: 21.00 MB
Current GC threshold: 34.38 MB
CDS: on
 - commit_granule_bytes: 65536.
 - commit_granule_words: 8192.
 - virtual_space_node_default_size: 8388608.
 - enlarge_chunks_in_place: 1.
UseCompressedClassPointers 1, UseCompactObjectHeaders 0
Narrow klass pointer bits 32, Max shift 3
Narrow klass base: 0x00007ff800000000, Narrow klass shift: 0
Encoding Range: [0x00007ff800000000 - 0x00007ff900000000), (4294967296 bytes)
Klass Range:    [0x00007ff800000000 - 0x00007ff841000000), (1090519040 bytes)
Klass ID Range:  [8 - 1090519033) (1090519025)
Protection zone: [0x00007ff800000000 - 0x00007ff800004000), (16384 bytes)


Internal statistics:

num_allocs_failed_limit: 0.
num_arena_births: 346.
num_arena_deaths: 0.
num_vsnodes_births: 2.
num_vsnodes_deaths: 0.
num_space_committed: 465.
num_space_uncommitted: 0.
num_chunks_returned_to_freelist: 0.
num_chunks_taken_from_freelist: 1082.
num_chunk_merges: 0.
num_chunk_splits: 718.
num_chunks_enlarged: 549.
num_inconsistent_stats: 0.

CodeHeap 'non-profiled nmethods': size=120032Kb used=1330Kb max_used=1330Kb free=118701Kb
 bounds [0x0000000119dd0000, 0x000000011a040000, 0x0000000121308000]
CodeHeap 'profiled nmethods': size=120032Kb used=8312Kb max_used=8312Kb free=111719Kb
 bounds [0x0000000112304000, 0x0000000112b24000, 0x000000011983c000]
CodeHeap 'non-nmethods': size=5712Kb used=1671Kb max_used=1745Kb free=4040Kb
 bounds [0x000000011983c000, 0x0000000119aac000, 0x0000000119dd0000]
CodeCache: size=245776Kb, used=11313Kb, max_used=11387Kb, free=234460Kb
 total_blobs=6339, nmethods=5416, adapters=830, full_count=0
Compilation: enabled, stopped_count=0, restarted_count=0

Compilation events (20 events):
Event: 80.007 Thread 0x0000000aad44e800 nmethod 5864 0x0000000112b1b008 code [0x0000000112b1b100, 0x0000000112b1b1f8]
Event: 80.007 Thread 0x0000000aad44e800 5863       3       com.sun.javafx.tk.quantum.GlassScene::sceneChanged (25 bytes)
Event: 80.007 Thread 0x0000000aad44e800 nmethod 5863 0x0000000112b1b248 code [0x0000000112b1b340, 0x0000000112b1b760]
Event: 80.007 Thread 0x0000000aad44e800 5865       3       com.sun.javafx.tk.quantum.PaintCollector::addDirtyScene (95 bytes)
Event: 80.007 Thread 0x0000000aad44e800 nmethod 5865 0x0000000112b1b788 code [0x0000000112b1b880, 0x0000000112b1c3b0]
Event: 80.012 Thread 0x0000000aad44e800 5866       1       com.sun.glass.ui.Application::hasWindowManager (2 bytes)
Event: 80.012 Thread 0x0000000aad44e800 nmethod 5866 0x0000000119f1c808 code [0x0000000119f1c900, 0x0000000119f1c9e0]
Event: 80.025 Thread 0x0000000aad44e800 5867       3       com.sun.javafx.css.StyleCache$Key::hashCode (63 bytes)
Event: 80.025 Thread 0x0000000aad44e800 nmethod 5867 0x0000000112b1c3c8 code [0x0000000112b1c4c0, 0x0000000112b1c720]
Event: 80.026 Thread 0x0000000aad44e800 5868       3       javafx.scene.Scene::syncLights (177 bytes)
Event: 80.026 Thread 0x0000000aad44de00 5871       4       java.lang.Thread::interrupted (7 bytes)
Event: 80.027 Thread 0x0000000aad44e800 nmethod 5868 0x0000000112b1c748 code [0x0000000112b1c840, 0x0000000112b1db90]
Event: 80.027 Thread 0x0000000aad44e800 5870       3       javafx.scene.layout.Region::normalize (420 bytes)
Event: 80.027 Thread 0x0000000aad44de00 nmethod 5871 0x0000000119f1ca08 code [0x0000000119f1cb00, 0x0000000119f1cba8]
Event: 80.028 Thread 0x0000000aad44e800 nmethod 5870 0x0000000112b1dbc8 code [0x0000000112b1dcc0, 0x0000000112b1f070]
Event: 80.028 Thread 0x0000000aad44e800 5869       3       javafx.scene.Scene$ScenePulseListener::synchronizeSceneProperties (189 bytes)
Event: 80.030 Thread 0x0000000aad44e800 nmethod 5869 0x0000000112b1f088 code [0x0000000112b1f180, 0x0000000112b228a0]
Event: 80.623 Thread 0x0000000aad44e800 5872       3       java.util.Collections$3::hasMoreElements (10 bytes)
Event: 80.623 Thread 0x0000000aad44e800 nmethod 5872 0x0000000112b22908 code [0x0000000112b22a00, 0x0000000112b22c00]
Event: 80.623 Thread 0x0000000aad44e800 5873       3       java.util.Collections$3::nextElement (10 bytes)

GC Heap Usage History (20 events):
Event: 2.391 {heap Before GC invocations=7 (full 0):
 garbage-first heap   total reserved 4194304K, committed 24576K, used 13679K [0x00000003c0000000, 0x00000004c0000000)
  region size 2M, 5 eden (10M), 1 survivor (2M), 3 old (6M), 0 humongous (0M), 3 free (6M)
}
Event: 2.393 {heap After GC invocations=8 (full 0):
 garbage-first heap   total reserved 4194304K, committed 24576K, used 8288K [0x00000003c0000000, 0x00000004c0000000)
  region size 2M, 0 eden (0M), 1 survivor (2M), 4 old (8M), 0 humongous (0M), 7 free (14M)
}
Event: 2.482 {heap Before GC invocations=8 (full 0):
 garbage-first heap   total reserved 4194304K, committed 24576K, used 14432K [0x00000003c0000000, 0x00000004c0000000)
  region size 2M, 4 eden (8M), 1 survivor (2M), 4 old (8M), 0 humongous (0M), 3 free (6M)
}
Event: 2.484 {heap After GC invocations=9 (full 0):
 garbage-first heap   total reserved 4194304K, committed 24576K, used 9345K [0x00000003c0000000, 0x00000004c0000000)
  region size 2M, 0 eden (0M), 1 survivor (2M), 5 old (10M), 0 humongous (0M), 6 free (12M)
}
Event: 2.656 {heap Before GC invocations=10 (full 0):
 garbage-first heap   total reserved 4194304K, committed 40960K, used 35969K [0x00000003c0000000, 0x00000004c0000000)
  region size 2M, 2 eden (4M), 1 survivor (2M), 5 old (10M), 12 humongous (24M), 0 free (0M)
}
Event: 2.657 {heap After GC invocations=11 (full 0):
 garbage-first heap   total reserved 4194304K, committed 43008K, used 35595K [0x00000003c0000000, 0x00000004c0000000)
  region size 2M, 0 eden (0M), 1 survivor (2M), 5 old (10M), 12 humongous (24M), 3 free (6M)
}
Event: 2.835 {heap Before GC invocations=11 (full 0):
 garbage-first heap   total reserved 4194304K, committed 75776K, used 74507K [0x00000003c0000000, 0x00000004c0000000)
  region size 2M, 1 eden (2M), 1 survivor (2M), 5 old (10M), 30 humongous (60M), 0 free (0M)
}
Event: 2.837 {heap After GC invocations=12 (full 0):
 garbage-first heap   total reserved 4194304K, committed 81920K, used 73935K [0x00000003c0000000, 0x00000004c0000000)
  region size 2M, 0 eden (0M), 1 survivor (2M), 6 old (12M), 30 humongous (60M), 3 free (6M)
}
Event: 2.936 {heap Before GC invocations=12 (full 0):
 garbage-first heap   total reserved 4194304K, committed 81920K, used 75983K [0x00000003c0000000, 0x00000004c0000000)
  region size 2M, 1 eden (2M), 1 survivor (2M), 6 old (12M), 30 humongous (60M), 2 free (4M)
}
Event: 2.937 {heap After GC invocations=13 (full 0):
 garbage-first heap   total reserved 4194304K, committed 81920K, used 75464K [0x00000003c0000000, 0x00000004c0000000)
  region size 2M, 0 eden (0M), 1 survivor (2M), 7 old (14M), 30 humongous (60M), 2 free (4M)
}
Event: 2.955 {heap Before GC invocations=14 (full 0):
 garbage-first heap   total reserved 4194304K, committed 81920K, used 75464K [0x00000003c0000000, 0x00000004c0000000)
  region size 2M, 1 eden (2M), 1 survivor (2M), 7 old (14M), 30 humongous (60M), 1 free (2M)
}
Event: 2.956 {heap After GC invocations=15 (full 0):
 garbage-first heap   total reserved 4194304K, committed 81920K, used 75641K [0x00000003c0000000, 0x00000004c0000000)
  region size 2M, 0 eden (0M), 1 survivor (2M), 7 old (14M), 30 humongous (60M), 2 free (4M)
}
Event: 2.974 {heap Before GC invocations=15 (full 0):
 garbage-first heap   total reserved 4194304K, committed 81920K, used 77689K [0x00000003c0000000, 0x00000004c0000000)
  region size 2M, 1 eden (2M), 1 survivor (2M), 7 old (14M), 30 humongous (60M), 1 free (2M)
}
Event: 2.975 {heap After GC invocations=16 (full 0):
 garbage-first heap   total reserved 4194304K, committed 81920K, used 75728K [0x00000003c0000000, 0x00000004c0000000)
  region size 2M, 0 eden (0M), 1 survivor (2M), 7 old (14M), 30 humongous (60M), 2 free (4M)
}
Event: 3.051 {heap Before GC invocations=17 (full 0):
 garbage-first heap   total reserved 4194304K, committed 81920K, used 77776K [0x00000003c0000000, 0x00000004c0000000)
  region size 2M, 1 eden (2M), 1 survivor (2M), 7 old (14M), 30 humongous (60M), 1 free (2M)
}
Event: 3.052 {heap After GC invocations=18 (full 0):
 garbage-first heap   total reserved 4194304K, committed 81920K, used 75852K [0x00000003c0000000, 0x00000004c0000000)
  region size 2M, 0 eden (0M), 1 survivor (2M), 7 old (14M), 30 humongous (60M), 2 free (4M)
}
Event: 3.066 {heap Before GC invocations=18 (full 0):
 garbage-first heap   total reserved 4194304K, committed 81920K, used 77900K [0x00000003c0000000, 0x00000004c0000000)
  region size 2M, 1 eden (2M), 1 survivor (2M), 7 old (14M), 30 humongous (60M), 1 free (2M)
}
Event: 3.067 {heap After GC invocations=19 (full 0):
 garbage-first heap   total reserved 4194304K, committed 251904K, used 75784K [0x00000003c0000000, 0x00000004c0000000)
  region size 2M, 0 eden (0M), 1 survivor (2M), 7 old (14M), 30 humongous (60M), 85 free (170M)
}
Event: 3.131 {heap Before GC invocations=19 (full 0):
 garbage-first heap   total reserved 4194304K, committed 251904K, used 77832K [0x00000003c0000000, 0x00000004c0000000)
  region size 2M, 3 eden (6M), 1 survivor (2M), 7 old (14M), 30 humongous (60M), 82 free (164M)
}
Event: 3.133 {heap After GC invocations=20 (full 0):
 garbage-first heap   total reserved 4194304K, committed 251904K, used 77836K [0x00000003c0000000, 0x00000004c0000000)
  region size 2M, 0 eden (0M), 2 survivor (4M), 7 old (14M), 30 humongous (60M), 84 free (168M)
}

Metaspace Usage History (20 events):
Event: 2.391 {metaspace Before GC invocations=7 (full 0):
 Metaspace       used 14341K, committed 14592K, reserved 1114112K
  class space    used 1786K, committed 1920K, reserved 1048576K
}
Event: 2.393 {metaspace After GC invocations=8 (full 0):
 Metaspace       used 14341K, committed 14592K, reserved 1114112K
  class space    used 1786K, committed 1920K, reserved 1048576K
}
Event: 2.482 {metaspace Before GC invocations=8 (full 0):
 Metaspace       used 17376K, committed 17664K, reserved 1114112K
  class space    used 2183K, committed 2304K, reserved 1048576K
}
Event: 2.484 {metaspace After GC invocations=9 (full 0):
 Metaspace       used 17376K, committed 17664K, reserved 1114112K
  class space    used 2183K, committed 2304K, reserved 1048576K
}
Event: 2.656 {metaspace Before GC invocations=10 (full 0):
 Metaspace       used 18081K, committed 18304K, reserved 1114112K
  class space    used 2419K, committed 2496K, reserved 1048576K
}
Event: 2.657 {metaspace After GC invocations=11 (full 0):
 Metaspace       used 18081K, committed 18304K, reserved 1114112K
  class space    used 2419K, committed 2496K, reserved 1048576K
}
Event: 2.835 {metaspace Before GC invocations=11 (full 0):
 Metaspace       used 18191K, committed 18432K, reserved 1114112K
  class space    used 2433K, committed 2560K, reserved 1048576K
}
Event: 2.837 {metaspace After GC invocations=12 (full 0):
 Metaspace       used 18191K, committed 18432K, reserved 1114112K
  class space    used 2433K, committed 2560K, reserved 1048576K
}
Event: 2.936 {metaspace Before GC invocations=12 (full 0):
 Metaspace       used 18434K, committed 18688K, reserved 1114112K
  class space    used 2479K, committed 2560K, reserved 1048576K
}
Event: 2.937 {metaspace After GC invocations=13 (full 0):
 Metaspace       used 18434K, committed 18688K, reserved 1114112K
  class space    used 2479K, committed 2560K, reserved 1048576K
}
Event: 2.955 {metaspace Before GC invocations=14 (full 0):
 Metaspace       used 19020K, committed 19264K, reserved 1114112K
  class space    used 2607K, committed 2688K, reserved 1048576K
}
Event: 2.956 {metaspace After GC invocations=15 (full 0):
 Metaspace       used 19020K, committed 19264K, reserved 1114112K
  class space    used 2607K, committed 2688K, reserved 1048576K
}
Event: 2.974 {metaspace Before GC invocations=15 (full 0):
 Metaspace       used 19552K, committed 19776K, reserved 1114112K
  class space    used 2715K, committed 2816K, reserved 1048576K
}
Event: 2.975 {metaspace After GC invocations=16 (full 0):
 Metaspace       used 19552K, committed 19776K, reserved 1114112K
  class space    used 2715K, committed 2816K, reserved 1048576K
}
Event: 3.051 {metaspace Before GC invocations=17 (full 0):
 Metaspace       used 20233K, committed 20480K, reserved 1114112K
  class space    used 2813K, committed 2880K, reserved 1048576K
}
Event: 3.052 {metaspace After GC invocations=18 (full 0):
 Metaspace       used 20233K, committed 20480K, reserved 1114112K
  class space    used 2813K, committed 2880K, reserved 1048576K
}
Event: 3.066 {metaspace Before GC invocations=18 (full 0):
 Metaspace       used 20543K, committed 20864K, reserved 1114112K
  class space    used 2887K, committed 3008K, reserved 1048576K
}
Event: 3.067 {metaspace After GC invocations=19 (full 0):
 Metaspace       used 20543K, committed 20864K, reserved 1114112K
  class space    used 2887K, committed 3008K, reserved 1048576K
}
Event: 3.131 {metaspace Before GC invocations=19 (full 0):
 Metaspace       used 20849K, committed 21120K, reserved 1114112K
  class space    used 2919K, committed 3072K, reserved 1048576K
}
Event: 3.133 {metaspace After GC invocations=20 (full 0):
 Metaspace       used 20849K, committed 21120K, reserved 1114112K
  class space    used 2919K, committed 3072K, reserved 1048576K
}

Dll operation events (20 events):
Event: 0.170 Attempting to load shared library /Users/tinayan/Library/Java/JavaVirtualMachines/openjdk-26.0.1/Contents/Home/lib/libextnet.dylib
Event: 0.171 Loaded shared library /Users/tinayan/Library/Java/JavaVirtualMachines/openjdk-26.0.1/Contents/Home/lib/libextnet.dylib
Event: 0.192 Attempting to load shared library /Users/tinayan/Library/Java/JavaVirtualMachines/openjdk-26.0.1/Contents/Home/lib/libjimage.dylib
Event: 0.192 Loaded shared library /Users/tinayan/Library/Java/JavaVirtualMachines/openjdk-26.0.1/Contents/Home/lib/libjimage.dylib
Event: 0.413 Attempting to load shared library /Users/tinayan/.m2/repository/org/openjfx/javafx-graphics/21.0.2/libprism_es2.dylib
Event: 0.415 Loading shared library /Users/tinayan/.m2/repository/org/openjfx/javafx-graphics/21.0.2/libprism_es2.dylib failed, dlopen(/Users/tinayan/.m2/repository/org/openjfx/javafx-graphics/21.0.2/libprism_es2.dylib, 0x0001): tried: '/Users/tinayan/.m2/repository/o
Event: 0.427 Attempting to load shared library /Users/tinayan/.openjfx/cache/21.0.2+5/aarch64/libprism_es2.dylib
Event: 0.589 Attempting to load shared library /Users/tinayan/Library/Java/JavaVirtualMachines/openjdk-26.0.1/Contents/Home/lib/libmanagement.dylib
Event: 1.420 Loaded shared library /Users/tinayan/.openjfx/cache/21.0.2+5/aarch64/libprism_es2.dylib
Event: 1.421 Loaded shared library /Users/tinayan/Library/Java/JavaVirtualMachines/openjdk-26.0.1/Contents/Home/lib/libmanagement.dylib
Event: 1.429 Attempting to load shared library /Users/tinayan/Library/Java/JavaVirtualMachines/openjdk-26.0.1/Contents/Home/lib/libmanagement_ext.dylib
Event: 1.430 Loaded shared library /Users/tinayan/Library/Java/JavaVirtualMachines/openjdk-26.0.1/Contents/Home/lib/libmanagement_ext.dylib
Event: 1.525 Attempting to load shared library /Users/tinayan/.m2/repository/org/openjfx/javafx-graphics/21.0.2/libglass.dylib
Event: 1.525 Loading shared library /Users/tinayan/.m2/repository/org/openjfx/javafx-graphics/21.0.2/libglass.dylib failed, dlopen(/Users/tinayan/.m2/repository/org/openjfx/javafx-graphics/21.0.2/libglass.dylib, 0x0001): tried: '/Users/tinayan/.m2/repository/org/openj
Event: 1.530 Attempting to load shared library /Users/tinayan/.openjfx/cache/21.0.2+5/aarch64/libglass.dylib
Event: 1.751 Loaded shared library /Users/tinayan/.openjfx/cache/21.0.2+5/aarch64/libglass.dylib
Event: 2.076 Attempting to load shared library /Users/tinayan/.m2/repository/org/openjfx/javafx-graphics/21.0.2/libjavafx_font.dylib
Event: 2.076 Loading shared library /Users/tinayan/.m2/repository/org/openjfx/javafx-graphics/21.0.2/libjavafx_font.dylib failed, dlopen(/Users/tinayan/.m2/repository/org/openjfx/javafx-graphics/21.0.2/libjavafx_font.dylib, 0x0001): tried: '/Users/tinayan/.m2/reposito
Event: 2.078 Attempting to load shared library /Users/tinayan/.openjfx/cache/21.0.2+5/aarch64/libjavafx_font.dylib
Event: 2.287 Loaded shared library /Users/tinayan/.openjfx/cache/21.0.2+5/aarch64/libjavafx_font.dylib

Deoptimization events (20 events):
Event: 63.992 Thread 0x0000000aad7fe000 Uncommon trap: trap_request=0xffffffd6 fr.pc=0x0000000119f0d4c0 relative=0x0000000000000680
Event: 63.992 Thread 0x0000000aad7fe000 Uncommon trap: reason=array_check action=maybe_recompile pc=0x0000000119f0d4c0 method=com.sun.prism.impl.ps.BaseShaderContext.setTexture(ILcom/sun/prism/Texture;)V @ 50 c2
Event: 63.992 Thread 0x0000000aad7fe000 DEOPT PACKING pc=0x0000000119f0d4c0 sp=0x00000001708f0e90
Event: 63.992 Thread 0x0000000aad7fe000 DEOPT UNPACKING pc=0x00000001199493dc sp=0x00000001708f0e60 mode 2
Event: 63.992 Thread 0x0000000aad7fe000 Uncommon trap: trap_request=0xffffffd6 fr.pc=0x0000000119f0d4c0 relative=0x0000000000000680
Event: 63.992 Thread 0x0000000aad7fe000 Uncommon trap: reason=array_check action=maybe_recompile pc=0x0000000119f0d4c0 method=com.sun.prism.impl.ps.BaseShaderContext.setTexture(ILcom/sun/prism/Texture;)V @ 50 c2
Event: 63.992 Thread 0x0000000aad7fe000 DEOPT PACKING pc=0x0000000119f0d4c0 sp=0x00000001708f0780
Event: 63.992 Thread 0x0000000aad7fe000 DEOPT UNPACKING pc=0x00000001199493dc sp=0x00000001708f0750 mode 2
Event: 79.921 Thread 0x0000000aad1ef000 DEOPT PACKING pc=0x0000000112aed2f4 sp=0x00000001700c2640
Event: 79.921 Thread 0x0000000aad1ef000 DEOPT UNPACKING pc=0x00000001198793bc sp=0x00000001700c2390 mode 3
Event: 79.927 Thread 0x0000000aadce7000 Uncommon trap: trap_request=0xffffff45 fr.pc=0x0000000119f18aa4 relative=0x0000000000000a24
Event: 79.927 Thread 0x0000000aadce7000 Uncommon trap: reason=unstable_if action=reinterpret pc=0x0000000119f18aa4 method=com.sun.glass.ui.Timer.resume()V @ 6 c2
Event: 79.927 Thread 0x0000000aadce7000 DEOPT PACKING pc=0x0000000119f18aa4 sp=0x000000016d424640
Event: 79.927 Thread 0x0000000aadce7000 DEOPT UNPACKING pc=0x00000001199493dc sp=0x000000016d424220 mode 2
Event: 80.622 Thread 0x0000000aad7fe000 Uncommon trap: trap_request=0xffffff45 fr.pc=0x0000000119eb9438 relative=0x0000000000000078
Event: 80.622 Thread 0x0000000aad7fe000 Uncommon trap: reason=unstable_if action=reinterpret pc=0x0000000119eb9438 method=java.lang.Thread.getAndClearInterrupt()Z @ 6 c2
Event: 80.622 Thread 0x0000000aad7fe000 DEOPT PACKING pc=0x0000000119eb9438 sp=0x00000001708f25c0
Event: 80.622 Thread 0x0000000aad7fe000 DEOPT UNPACKING pc=0x00000001199493dc sp=0x00000001708f2550 mode 2
Event: 80.622 Thread 0x0000000aad7fe000 DEOPT PACKING pc=0x00000001127d8414 sp=0x00000001708f25f0
Event: 80.622 Thread 0x0000000aad7fe000 DEOPT UNPACKING pc=0x00000001198793bc sp=0x00000001708f22e0 mode 3

Classes loaded (20 events):
Event: 57.217 Loading class jdk/internal/util/Exceptions$SensitiveInfo
Event: 57.217 Loading class jdk/internal/util/Exceptions$SensitiveInfo done
Event: 57.217 Loading class jdk/internal/util/Exceptions$NonSocketInfo
Event: 57.217 Loading class jdk/internal/util/Exceptions$NonSocketInfo done
Event: 57.223 Loading class sun/net/www/HeaderParser
Event: 57.223 Loading class sun/net/www/HeaderParser done
Event: 57.225 Loading class java/nio/HeapByteBufferR
Event: 57.225 Loading class java/nio/HeapByteBufferR done
Event: 57.232 Loading class java/lang/reflect/WildcardType
Event: 57.232 Loading class java/lang/reflect/WildcardType done
Event: 57.233 Loading class java/lang/reflect/AnnotatedType
Event: 57.233 Loading class java/lang/reflect/AnnotatedType done
Event: 57.236 Loading class sun/reflect/generics/repository/FieldRepository
Event: 57.236 Loading class sun/reflect/generics/repository/FieldRepository done
Event: 73.470 Loading class java/lang/Throwable$WrappedPrintStream
Event: 73.471 Loading class java/lang/Throwable$PrintStreamOrWriter
Event: 73.471 Loading class java/lang/Throwable$PrintStreamOrWriter done
Event: 73.471 Loading class java/lang/Throwable$WrappedPrintStream done
Event: 73.471 Loading class java/lang/StackTraceElement$HashedModules
Event: 73.471 Loading class java/lang/StackTraceElement$HashedModules done

Classes unloaded (0 events):
No events

Classes redefined (0 events):
No events

Internal exceptions (20 events):
Event: 37.160 Thread 0x0000000aadce7000 Implicit null exception at 0x0000000119e8f46c to 0x0000000119e8fb7c
Event: 37.174 Thread 0x0000000aadce7000 Implicit null exception at 0x0000000119e76f98 to 0x0000000119e77018
Event: 37.792 Thread 0x0000000aadce7000 Implicit null exception at 0x0000000119e91c04 to 0x0000000119e927b4
Event: 56.605 Thread 0x0000000aadce7000 Exception <a 'java/lang/NoSuchMethodError'{0x00000003cc721390}: 'java.lang.Object java.lang.invoke.DirectMethodHandle$Holder.invokeSpecial(java.lang.Object, java.lang.Object, java.lang.Object, java.lang.Object, java.lang.Object, int)'> (0x00000003cc721390) 
thrown [open/src/hotspot/share/interpreter/linkResolver.cpp, line 804]
Event: 56.606 Thread 0x0000000aadce7000 Exception <a 'java/lang/NoSuchMethodError'{0x00000003cc731d38}: 'java.lang.Object java.lang.invoke.Invokers$Holder.linkToTargetMethod(java.lang.Object, java.lang.Object, int, java.lang.Object)'> (0x00000003cc731d38) 
thrown [open/src/hotspot/share/interpreter/linkResolver.cpp, line 804]
Event: 56.617 Thread 0x0000000aadce7000 Exception <a 'java/lang/NoSuchMethodError'{0x00000003cc7695d0}: 'void java.lang.invoke.DirectMethodHandle$Holder.invokeInterface(java.lang.Object, java.lang.Object, java.lang.Object)'> (0x00000003cc7695d0) 
thrown [open/src/hotspot/share/interpreter/linkResolver.cpp, line 804]
Event: 56.618 Thread 0x0000000aadce7000 Exception <a 'java/lang/IncompatibleClassChangeError'{0x00000003cc4068a0}: Found class java.lang.Object, but interface was expected> (0x00000003cc4068a0) 
thrown [open/src/hotspot/share/interpreter/linkResolver.cpp, line 871]
Event: 56.634 Thread 0x0000000aadf66000 Exception <a 'java/lang/NoSuchMethodError'{0x00000003ce255c68}: 'int java.lang.invoke.DirectMethodHandle$Holder.invokeStatic(java.lang.Object, int, java.lang.Object)'> (0x00000003ce255c68) 
thrown [open/src/hotspot/share/interpreter/linkResolver.cpp, line 804]
Event: 56.635 Thread 0x0000000aadf66000 Exception <a 'java/lang/NoSuchMethodError'{0x00000003ce26c9d8}: 'void java.lang.invoke.DirectMethodHandle$Holder.invokeStatic(java.lang.Object, java.lang.Object, int)'> (0x00000003ce26c9d8) 
thrown [open/src/hotspot/share/interpreter/linkResolver.cpp, line 804]
Event: 56.640 Thread 0x0000000aae27b000 Exception <a 'java/lang/NoSuchMethodError'{0x00000003cc56b1e8}: 'long java.lang.invoke.DirectMethodHandle$Holder.invokeStatic(java.lang.Object, long, long)'> (0x00000003cc56b1e8) 
thrown [open/src/hotspot/share/interpreter/linkResolver.cpp, line 804]
Event: 56.640 Thread 0x0000000aadf66000 Exception <a 'java/lang/NoSuchMethodError'{0x00000003ce29cfd8}: 'long java.lang.invoke.DirectMethodHandle$Holder.invokeStatic(java.lang.Object, long, long)'> (0x00000003ce29cfd8) 
thrown [open/src/hotspot/share/interpreter/linkResolver.cpp, line 804]
Event: 56.706 Thread 0x0000000aae27b000 Exception <a 'java/lang/NoSuchMethodError'{0x00000003cc5f42d0}: 'void java.lang.invoke.DirectMethodHandle$Holder.invokeInterface(java.lang.Object, java.lang.Object)'> (0x00000003cc5f42d0) 
thrown [open/src/hotspot/share/interpreter/linkResolver.cpp, line 804]
Event: 56.709 Thread 0x0000000aae27b000 Exception <a 'java/lang/NoSuchMethodError'{0x00000003cc378e88}: 'java.lang.Object java.lang.invoke.Invokers$Holder.invoke_MT(java.lang.Object, java.lang.Object, java.lang.Object, java.lang.Object, java.lang.Object, java.lang.Object)'> (0x00000003cc378e88) 
thrown [open/src/hotspot/share/interpreter/linkResolver.cpp, line 804]
Event: 56.710 Thread 0x0000000aae27b000 Exception <a 'java/lang/NoSuchMethodError'{0x00000003cc381ad8}: 'java.lang.Object java.lang.invoke.DirectMethodHandle$Holder.invokeStatic(java.lang.Object, java.lang.Object, int)'> (0x00000003cc381ad8) 
thrown [open/src/hotspot/share/interpreter/linkResolver.cpp, line 804]
Event: 56.711 Thread 0x0000000aae27b000 Exception <a 'java/lang/NoSuchMethodError'{0x00000003cc3a2b88}: 'void java.lang.invoke.DelegatingMethodHandle$Holder.delegate(java.lang.Object, java.lang.Object, int, java.lang.Object)'> (0x00000003cc3a2b88) 
thrown [open/src/hotspot/share/interpreter/linkResolver.cpp, line 804]
Event: 57.208 Thread 0x0000000aae27b000 Exception <a 'java/lang/NoSuchMethodError'{0x00000003cba01d38}: 'long java.lang.invoke.DirectMethodHandle$Holder.invokeStatic(java.lang.Object, java.lang.Object)'> (0x00000003cba01d38) 
thrown [open/src/hotspot/share/interpreter/linkResolver.cpp, line 804]
Event: 73.470 Thread 0x0000000aadce7000 Exception <a 'java/lang/NullPointerException'{0x00000003cb5342a8}> (0x00000003cb5342a8) 
thrown [open/src/hotspot/share/interpreter/linkResolver.cpp, line 1534]
Event: 74.820 Thread 0x0000000aadce7000 Exception <a 'java/lang/NullPointerException'{0x00000003cb55f288}> (0x00000003cb55f288) 
thrown [open/src/hotspot/share/interpreter/linkResolver.cpp, line 1534]
Event: 75.270 Thread 0x0000000aadce7000 Exception <a 'java/lang/NullPointerException'{0x00000003cab07528}> (0x00000003cab07528) 
thrown [open/src/hotspot/share/interpreter/linkResolver.cpp, line 1534]
Event: 76.153 Thread 0x0000000aadce7000 Exception <a 'java/lang/NullPointerException'{0x00000003cab23208}> (0x00000003cab23208) 
thrown [open/src/hotspot/share/interpreter/linkResolver.cpp, line 1534]

VM Operations (20 events):
Event: 3.455 Executing non-safepoint VM operation: HandshakeAllThreads (Deoptimize)
Event: 3.455 Executing non-safepoint VM operation: HandshakeAllThreads (Deoptimize) done
Event: 11.399 Executing non-safepoint VM operation: HandshakeAllThreads (Deoptimize)
Event: 11.399 Executing non-safepoint VM operation: HandshakeAllThreads (Deoptimize) done
Event: 11.401 Executing non-safepoint VM operation: HandshakeAllThreads (Deoptimize)
Event: 11.401 Executing non-safepoint VM operation: HandshakeAllThreads (Deoptimize) done
Event: 11.403 Executing non-safepoint VM operation: HandshakeAllThreads (Deoptimize)
Event: 11.403 Executing non-safepoint VM operation: HandshakeAllThreads (Deoptimize) done
Event: 56.642 Executing non-safepoint VM operation: HandshakeAllThreads (Deoptimize)
Event: 56.642 Executing non-safepoint VM operation: HandshakeAllThreads (Deoptimize) done
Event: 56.783 Executing non-safepoint VM operation: HandshakeAllThreads (Deoptimize)
Event: 56.783 Executing non-safepoint VM operation: HandshakeAllThreads (Deoptimize) done
Event: 57.215 Executing non-safepoint VM operation: HandshakeAllThreads (Deoptimize)
Event: 57.215 Executing non-safepoint VM operation: HandshakeAllThreads (Deoptimize) done
Event: 57.226 Executing non-safepoint VM operation: HandshakeAllThreads (Deoptimize)
Event: 57.226 Executing non-safepoint VM operation: HandshakeAllThreads (Deoptimize) done
Event: 60.166 Executing non-safepoint VM operation: HandshakeAllThreads (DeflationHandshakeClosure)
Event: 60.166 Executing non-safepoint VM operation: HandshakeAllThreads (DeflationHandshakeClosure) done
Event: 60.166 Executing non-safepoint VM operation: RendezvousGCThreads
Event: 60.166 Executing non-safepoint VM operation: RendezvousGCThreads done

Memory protections (20 events):
Event: 75.973 Protecting memory [0x000000016e724000,0x000000016e730000] with protection modes 3
Event: 76.106 Protecting memory [0x000000016e724000,0x000000016e730000] with protection modes 0
Event: 76.890 Protecting memory [0x000000016e724000,0x000000016e730000] with protection modes 3
Event: 77.073 Protecting memory [0x000000016e724000,0x000000016e730000] with protection modes 0
Event: 77.607 Protecting memory [0x000000016e724000,0x000000016e730000] with protection modes 3
Event: 78.173 Protecting memory [0x000000016e724000,0x000000016e730000] with protection modes 0
Event: 78.590 Protecting memory [0x000000016e724000,0x000000016e730000] with protection modes 3
Event: 78.756 Protecting memory [0x000000016e724000,0x000000016e730000] with protection modes 0
Event: 79.190 Protecting memory [0x000000016e724000,0x000000016e730000] with protection modes 3
Event: 79.223 Protecting memory [0x000000016e724000,0x000000016e730000] with protection modes 0
Event: 79.507 Protecting memory [0x000000016e724000,0x000000016e730000] with protection modes 3
Event: 79.590 Protecting memory [0x000000016e724000,0x000000016e730000] with protection modes 0
Event: 80.622 Protecting memory [0x000000016d4b8000,0x000000016d4c4000] with protection modes 3
Event: 80.623 Protecting memory [0x000000016fec0000,0x000000016fecc000] with protection modes 3
Event: 80.623 Protecting memory [0x00000001706f0000,0x00000001706fc000] with protection modes 3
Event: 80.623 Protecting memory [0x000000016d4b8000,0x000000016d4c4000] with protection modes 0
Event: 80.623 Protecting memory [0x000000016cc30000,0x000000016cc3c000] with protection modes 3
Event: 80.623 Protecting memory [0x000000016fec0000,0x000000016fecc000] with protection modes 0
Event: 80.623 Protecting memory [0x000000016fec0000,0x000000016fecc000] with protection modes 3
Event: 80.623 Protecting memory [0x000000016d4b8000,0x000000016d4c4000] with protection modes 3

Nmethod flushes (20 events):
Event: 2.983 Thread 0x0000000aad452800 flushing  nmethod 0x0000000112390b88
Event: 2.983 Thread 0x0000000aad452800 flushing  nmethod 0x000000011240b8c8
Event: 2.983 Thread 0x0000000aad452800 flushing  nmethod 0x0000000119e08b88
Event: 2.983 Thread 0x0000000aad452800 flushing  nmethod 0x0000000119e40c48
Event: 2.983 Thread 0x0000000aad452800 flushing  nmethod 0x00000001123792c8
Event: 2.983 Thread 0x0000000aad452800 flushing  nmethod 0x00000001123c2ec8
Event: 2.983 Thread 0x0000000aad452800 flushing  nmethod 0x00000001124bee88
Event: 2.983 Thread 0x0000000aad452800 flushing  nmethod 0x0000000112562248
Event: 2.983 Thread 0x0000000aad452800 flushing  nmethod 0x0000000112562cc8
Event: 2.983 Thread 0x0000000aad452800 flushing  nmethod 0x00000001125a3708
Event: 3.191 Thread 0x0000000aad452800 flushing  nmethod 0x0000000119e35d08
Event: 3.191 Thread 0x0000000aad452800 flushing  nmethod 0x00000001123308c8
Event: 3.191 Thread 0x0000000aad452800 flushing  nmethod 0x00000001123c4248
Event: 3.191 Thread 0x0000000aad452800 flushing  nmethod 0x00000001123c1e08
Event: 3.191 Thread 0x0000000aad452800 flushing  nmethod 0x000000011235d0c8
Event: 3.191 Thread 0x0000000aad452800 flushing  nmethod 0x00000001123808c8
Event: 3.191 Thread 0x0000000aad452800 flushing  nmethod 0x0000000112382a88
Event: 3.191 Thread 0x0000000aad452800 flushing  nmethod 0x0000000112521048
Event: 3.191 Thread 0x0000000aad452800 flushing  nmethod 0x0000000119e26e88
Event: 3.191 Thread 0x0000000aad452800 flushing  nmethod 0x000000011233ed88

Events (20 events):
Event: 76.106 Thread 0x0000000aaec0f000 Thread added: 0x0000000aaec0f000
Event: 76.890 Thread 0x0000000aaec0f000 Thread exited: 0x0000000aaec0f000
Event: 77.073 Thread 0x0000000aaec0f000 Thread added: 0x0000000aaec0f000
Event: 77.607 Thread 0x0000000aaec0f000 Thread exited: 0x0000000aaec0f000
Event: 78.173 Thread 0x0000000aaec0f800 Thread added: 0x0000000aaec0f800
Event: 78.590 Thread 0x0000000aaec0f800 Thread exited: 0x0000000aaec0f800
Event: 78.756 Thread 0x0000000aaec0f800 Thread added: 0x0000000aaec0f800
Event: 79.190 Thread 0x0000000aaec0f800 Thread exited: 0x0000000aaec0f800
Event: 79.223 Thread 0x0000000aaec0f800 Thread added: 0x0000000aaec0f800
Event: 79.507 Thread 0x0000000aaec0f800 Thread exited: 0x0000000aaec0f800
Event: 79.590 Thread 0x0000000aaec0f800 Thread added: 0x0000000aaec0f800
Event: 80.623 Thread 0x0000000102ffb670 Thread exited: 0x0000000102ffb670
Event: 80.623 Thread 0x0000000aad1ef000 Thread exited: 0x0000000aad1ef000
Event: 80.623 Thread 0x0000000aaec1e800 Thread added: 0x0000000aaec1e800
Event: 80.623 Thread 0x0000000aad7fe000 Thread exited: 0x0000000aad7fe000
Event: 80.623 Thread 0x0000000aadce7000 Thread exited: 0x0000000aadce7000
Event: 80.623 Thread 0x0000000aaec1e800 Thread added: 0x0000000aaec1f000
Event: 80.623 Thread 0x0000000aaec1f000 Thread exited: 0x0000000aaec1f000
Event: 80.623 Thread 0x0000000aaec1e800 Before exit entered
Event: 80.623 Thread 0x0000000aaec1e800 Thread exited: 0x0000000aaec1e800


Dynamic libraries:
0x0000000102a0c000 	/Users/tinayan/Library/Java/JavaVirtualMachines/openjdk-26.0.1/Contents/Home/lib/libjli.dylib
0x00000001a78a2000 	/System/Library/Frameworks/ApplicationServices.framework/Versions/A/ApplicationServices
0x0000000191a58000 	/System/Library/Frameworks/CoreGraphics.framework/Versions/A/CoreGraphics
0x000000018dbdc000 	/System/Library/Frameworks/CoreText.framework/Versions/A/CoreText
0x0000000197df3000 	/System/Library/Frameworks/ImageIO.framework/Versions/A/ImageIO
0x00000001921ae000 	/System/Library/Frameworks/ColorSync.framework/Versions/A/ColorSync
0x000000019ecc1000 	/System/Library/Frameworks/ApplicationServices.framework/Versions/A/Frameworks/ATS.framework/Versions/A/ATS
0x00000001a31d5000 	/System/Library/Frameworks/CoreServices.framework/Versions/A/CoreServices
0x0000000192356000 	/System/Library/Frameworks/ApplicationServices.framework/Versions/A/Frameworks/HIServices.framework/Versions/A/HIServices
0x000000019d392000 	/System/Library/Frameworks/ApplicationServices.framework/Versions/A/Frameworks/PrintCore.framework/Versions/A/PrintCore
0x000000019f073000 	/System/Library/Frameworks/ApplicationServices.framework/Versions/A/Frameworks/QD.framework/Versions/A/QD
0x000000019f06e000 	/System/Library/Frameworks/ApplicationServices.framework/Versions/A/Frameworks/ColorSyncLegacy.framework/Versions/A/ColorSyncLegacy
0x000000019ec93000 	/System/Library/Frameworks/ApplicationServices.framework/Versions/A/Frameworks/SpeechSynthesis.framework/Versions/A/SpeechSynthesis
0x000000019ab08000 	/usr/lib/libSystem.B.dylib
0x00000001914a1000 	/System/Library/PrivateFrameworks/SkyLight.framework/Versions/A/SkyLight
0x0000000192b98000 	/System/Library/PrivateFrameworks/ProtocolBuffer.framework/Versions/A/ProtocolBuffer
0x000000019ab0c000 	/System/Library/PrivateFrameworks/SoftLinking.framework/Versions/A/SoftLinking
0x000000018e9ba000 	/usr/lib/libicucore.A.dylib
0x000000019484a000 	/System/Library/PrivateFrameworks/CoreAnalytics.framework/Versions/A/CoreAnalytics
0x00000001977ce000 	/System/Library/PrivateFrameworks/FontServices.framework/libFontParser.dylib
0x00000001a3454000 	/System/Library/Frameworks/Accelerate.framework/Versions/A/Accelerate
0x0000000197300000 	/System/Library/Frameworks/IOSurface.framework/Versions/A/IOSurface
0x000000019558e000 	/usr/lib/libxml2.2.dylib
0x0000000191012000 	/System/Library/Frameworks/CFNetwork.framework/Versions/A/CFNetwork
0x000000018acf9000 	/System/Library/Frameworks/CoreFoundation.framework/Versions/A/CoreFoundation
0x000000018c566000 	/System/Library/Frameworks/Foundation.framework/Versions/C/Foundation
0x000000019aa52000 	/usr/lib/libz.1.dylib
0x000000018a854000 	/usr/lib/libobjc.A.dylib
0x000000018abc9000 	/usr/lib/libc++.1.dylib
0x000000018e59b000 	/System/Library/Frameworks/Security.framework/Versions/A/Security
0x00000002435c9000 	/System/Library/PrivateFrameworks/CollectionsInternal.framework/Versions/A/CollectionsInternal
0x000000019e378000 	/usr/lib/swift/libswiftCore.dylib
0x00000001b8003000 	/usr/lib/swift/libswiftCoreFoundation.dylib
0x00000001a4f41000 	/usr/lib/swift/libswiftDispatch.dylib
0x00000001b8064000 	/usr/lib/swift/libswiftIOKit.dylib
0x00000001a7f19000 	/usr/lib/swift/libswiftObjectiveC.dylib
0x00000001b8016000 	/usr/lib/swift/libswiftXPC.dylib
0x000000028f6bf000 	/usr/lib/swift/libswift_Builtin_float.dylib
0x0000000240290000 	/System/Library/PrivateFrameworks/BiomeLibrary.framework/Versions/A/BiomeLibrary
0x0000000192e3f000 	/System/Library/PrivateFrameworks/BaseBoard.framework/Versions/A/BaseBoard
0x00000001a52a2000 	/System/Library/PrivateFrameworks/BoardServices.framework/Versions/A/BoardServices
0x00000001a716f000 	/System/Library/PrivateFrameworks/BackBoardServices.framework/Versions/A/BackBoardServices
0x0000000240195000 	/System/Library/PrivateFrameworks/BackBoardHIDEventFoundation.framework/Versions/A/BackBoardHIDEventFoundation
0x0000000195675000 	/System/Library/Frameworks/CoreVideo.framework/Versions/A/CoreVideo
0x000000019487a000 	/usr/lib/libDiagnosticMessagesClient.dylib
0x000000018d6f8000 	/System/Library/Frameworks/CoreDisplay.framework/Versions/A/CoreDisplay
0x0000000199d5f000 	/usr/lib/libbsm.0.dylib
0x000000019cceb000 	/System/Library/Frameworks/VideoToolbox.framework/Versions/A/VideoToolbox
0x000000019ad28000 	/System/Library/Frameworks/MetalPerformanceShaders.framework/Versions/A/MetalPerformanceShaders
0x0000000199a0e000 	/System/Library/PrivateFrameworks/IOMobileFramebuffer.framework/Versions/A/IOMobileFramebuffer
0x000000026e3d2000 	/System/Library/PrivateFrameworks/ProDisplayLibrary.framework/Versions/A/ProDisplayLibrary
0x00000001aafa0000 	/System/Library/PrivateFrameworks/IOSurfaceAccelerator.framework/Versions/A/IOSurfaceAccelerator
0x0000000192f31000 	/System/Library/PrivateFrameworks/RunningBoardServices.framework/Versions/A/RunningBoardServices
0x000000018c1d5000 	/System/Library/Frameworks/SystemConfiguration.framework/Versions/A/SystemConfiguration
0x0000000197328000 	/System/Library/Frameworks/Metal.framework/Versions/A/Metal
0x000000019731d000 	/System/Library/PrivateFrameworks/IOAccelerator.framework/Versions/A/IOAccelerator
0x000000019762c000 	/System/Library/Frameworks/CoreMedia.framework/Versions/A/CoreMedia
0x000000019147d000 	/System/Library/PrivateFrameworks/TCC.framework/Versions/A/TCC
0x00000001913e5000 	/usr/lib/libMobileGestalt.dylib
0x000000019cca3000 	/System/Library/PrivateFrameworks/WatchdogClient.framework/Versions/A/WatchdogClient
0x0000000194da4000 	/System/Library/Frameworks/QuartzCore.framework/Versions/A/QuartzCore
0x000000018f012000 	/System/Library/Frameworks/IOKit.framework/Versions/A/IOKit
0x000000019ad30000 	/usr/lib/libcompression.dylib
0x000000019cca5000 	/System/Library/PrivateFrameworks/MultitouchSupport.framework/Versions/A/MultitouchSupport
0x00000001cfe41000 	/usr/lib/swift/libswiftAccelerate.dylib
0x00000001b7fe3000 	/usr/lib/swift/libswiftCoreAudio.dylib
0x00000001d3fbc000 	/usr/lib/swift/libswiftCoreMedia.dylib
0x00000001c5fa8000 	/usr/lib/swift/libswiftMetal.dylib
0x00000001d576f000 	/usr/lib/swift/libswiftOSLog.dylib
0x00000001cb39d000 	/usr/lib/swift/libswiftQuartzCore.dylib
0x00000001cfe31000 	/usr/lib/swift/libswiftUniformTypeIdentifiers.dylib
0x000000028f6a7000 	/usr/lib/swift/libswiftVideoToolbox.dylib
0x00000001a7f1d000 	/usr/lib/swift/libswiftos.dylib
0x00000001bbb57000 	/usr/lib/swift/libswiftsimd.dylib
0x00000001c7013000 	/System/Library/PrivateFrameworks/BiomeStreams.framework/Versions/A/BiomeStreams
0x00000001cd2f8000 	/System/Library/PrivateFrameworks/BiomeStorage.framework/Versions/A/BiomeStorage
0x00000001c3078000 	/System/Library/PrivateFrameworks/BiomeFoundation.framework/Versions/A/BiomeFoundation
0x000000025c8ef000 	/System/Library/PrivateFrameworks/IntelligencePlatformLibrary.framework/Versions/A/IntelligencePlatformLibrary
0x0000000192bb4000 	/usr/lib/libsqlite3.dylib
0x000000026d196000 	/System/Library/PrivateFrameworks/PoirotSchematizer.framework/Versions/A/PoirotSchematizer
0x0000000240b43000 	/System/Library/PrivateFrameworks/BiomeSync.framework/Versions/A/BiomeSync
0x0000000240276000 	/System/Library/PrivateFrameworks/BiomeDSL.framework/Versions/A/BiomeDSL
0x00000001cd297000 	/System/Library/PrivateFrameworks/BiomePubSub.framework/Versions/A/BiomePubSub
0x00000001b7ec5000 	/System/Library/PrivateFrameworks/LoggingSupport.framework/Versions/A/LoggingSupport
0x00000001a8e84000 	/System/Library/PrivateFrameworks/ProactiveSupport.framework/Versions/A/ProactiveSupport
0x00000001e639e000 	/System/Library/PrivateFrameworks/FeatureFlags.framework/Versions/A/FeatureFlags
0x00000001de1d4000 	/System/Library/PrivateFrameworks/InternalSwiftProtobuf.framework/Versions/A/InternalSwiftProtobuf
0x000000026d204000 	/System/Library/PrivateFrameworks/PoirotUDFs.framework/Versions/A/PoirotUDFs
0x000000028f7f0000 	/usr/lib/swift/libswift_StringProcessing.dylib
0x000000019ab02000 	/usr/lib/system/libcache.dylib
0x000000019aabd000 	/usr/lib/system/libcommonCrypto.dylib
0x000000019aae8000 	/usr/lib/system/libcompiler_rt.dylib
0x000000019aadd000 	/usr/lib/system/libcopyfile.dylib
0x000000018a9fd000 	/usr/lib/system/libcorecrypto.dylib
0x000000018aafd000 	/usr/lib/system/libdispatch.dylib
0x000000018a8a7000 	/usr/lib/system/libdyld.dylib
0x000000019aaf8000 	/usr/lib/system/libkeymgr.dylib
0x000000019aaa0000 	/usr/lib/system/libmacho.dylib
0x0000000199d37000 	/usr/lib/system/libquarantine.dylib
0x000000019aaf5000 	/usr/lib/system/libremovefile.dylib
0x0000000191465000 	/usr/lib/system/libsystem_asl.dylib
0x000000018a983000 	/usr/lib/system/libsystem_blocks.dylib
0x000000018ab48000 	/usr/lib/system/libsystem_c.dylib
0x000000019aaec000 	/usr/lib/system/libsystem_collections.dylib
0x00000001986d8000 	/usr/lib/system/libsystem_configuration.dylib
0x00000001972c7000 	/usr/lib/system/libsystem_containermanager.dylib
0x000000019a4d6000 	/usr/lib/system/libsystem_coreservices.dylib
0x000000018ec90000 	/usr/lib/system/libsystem_darwin.dylib
0x000000028f9e1000 	/usr/lib/system/libsystem_darwindirectory.dylib
0x000000019aaf9000 	/usr/lib/system/libsystem_dnssd.dylib
0x000000028f9e5000 	/usr/lib/system/libsystem_eligibility.dylib
0x000000018ab45000 	/usr/lib/system/libsystem_featureflags.dylib
0x000000018acc9000 	/usr/lib/system/libsystem_info.dylib
0x000000019aa61000 	/usr/lib/system/libsystem_m.dylib
0x000000018aaac000 	/usr/lib/system/libsystem_malloc.dylib
0x00000001913c8000 	/usr/lib/system/libsystem_networkextension.dylib
0x000000018f0fb000 	/usr/lib/system/libsystem_notify.dylib
0x00000001986dd000 	/usr/lib/system/libsystem_sandbox.dylib
0x000000028f9ef000 	/usr/lib/system/libsystem_sanitizers.dylib
0x000000019aaf1000 	/usr/lib/system/libsystem_secinit.dylib
0x000000018ac75000 	/usr/lib/system/libsystem_kernel.dylib
0x000000018acc0000 	/usr/lib/system/libsystem_platform.dylib
0x000000018acb3000 	/usr/lib/system/libsystem_pthread.dylib
0x0000000193023000 	/usr/lib/system/libsystem_symptoms.dylib
0x000000018a9dc000 	/usr/lib/system/libsystem_trace.dylib
0x000000028f9f7000 	/usr/lib/system/libsystem_trial.dylib
0x000000019aacb000 	/usr/lib/system/libunwind.dylib
0x000000018a987000 	/usr/lib/system/libxpc.dylib
0x000000018ac5a000 	/usr/lib/libc++abi.dylib
0x000000028ddc4000 	/usr/lib/libRosetta.dylib
0x000000028f24a000 	/usr/lib/libswiftPrespecialized.dylib
0x0000000195545000 	/System/Library/PrivateFrameworks/CoreAutoLayout.framework/Versions/A/CoreAutoLayout
0x000000019ab0a000 	/usr/lib/libfakelink.dylib
0x0000000194975000 	/System/Library/Frameworks/DiskArbitration.framework/Versions/A/DiskArbitration
0x000000019ab5d000 	/usr/lib/libarchive.2.dylib
0x00000001986eb000 	/usr/lib/liblangid.dylib
0x00000001a0e6f000 	/System/Library/Frameworks/Combine.framework/Versions/A/Combine
0x000000026f4c8000 	/System/Library/PrivateFrameworks/ReflectionInternal.framework/Versions/A/ReflectionInternal
0x000000027041b000 	/System/Library/PrivateFrameworks/RuntimeInternal.framework/Versions/A/RuntimeInternal
0x00000001b4e99000 	/usr/lib/swift/libswiftDarwin.dylib
0x000000028f68d000 	/usr/lib/swift/libswiftSystem.dylib
0x000000028f6c0000 	/usr/lib/swift/libswift_Concurrency.dylib
0x000000028f74c000 	/usr/lib/swift/libswift_DarwinFoundation1.dylib
0x000000018ef92000 	/System/Library/PrivateFrameworks/CoreServicesInternal.framework/Versions/A/CoreServicesInternal
0x000000019aad5000 	/usr/lib/liboah.dylib
0x00000001a734d000 	/System/Library/PrivateFrameworks/DiskImages.framework/Versions/A/DiskImages
0x00000001b493e000 	/System/Library/Frameworks/NetFS.framework/Versions/A/NetFS
0x000000019550a000 	/System/Library/Frameworks/CoreServices.framework/Versions/A/Frameworks/FSEvents.framework/Versions/A/FSEvents
0x000000018ec9a000 	/System/Library/Frameworks/CoreServices.framework/Versions/A/Frameworks/CarbonCore.framework/Versions/A/CarbonCore
0x00000001948e9000 	/System/Library/Frameworks/CoreServices.framework/Versions/A/Frameworks/Metadata.framework/Versions/A/Metadata
0x000000019a4dd000 	/System/Library/Frameworks/CoreServices.framework/Versions/A/Frameworks/OSServices.framework/Versions/A/OSServices
0x000000019ac55000 	/System/Library/Frameworks/CoreServices.framework/Versions/A/Frameworks/SearchKit.framework/Versions/A/SearchKit
0x0000000192f9d000 	/System/Library/Frameworks/CoreServices.framework/Versions/A/Frameworks/AE.framework/Versions/A/AE
0x000000018b258000 	/System/Library/Frameworks/CoreServices.framework/Versions/A/Frameworks/LaunchServices.framework/Versions/A/LaunchServices
0x000000019bfdb000 	/System/Library/Frameworks/CoreServices.framework/Versions/A/Frameworks/DictionaryServices.framework/Versions/A/DictionaryServices
0x0000000195517000 	/System/Library/Frameworks/CoreServices.framework/Versions/A/Frameworks/SharedFileList.framework/Versions/A/SharedFileList
0x000000019ace8000 	/usr/lib/libapple_nghttp2.dylib
0x0000000192d9d000 	/System/Library/Frameworks/Accounts.framework/Versions/A/Accounts
0x00000001a758f000 	/System/Library/PrivateFrameworks/AppSupport.framework/Versions/A/AppSupport
0x00000001b6dc7000 	/System/Library/Frameworks/AVFoundation.framework/Versions/A/AVFoundation
0x000000019f0aa000 	/System/Library/Frameworks/GSS.framework/Versions/A/GSS
0x000000019d49c000 	/System/Library/PrivateFrameworks/InternationalSupport.framework/Versions/A/InternationalSupport
0x00000001a7ea1000 	/System/Library/PrivateFrameworks/StreamingZip.framework/Versions/A/StreamingZip
0x00000001913e3000 	/usr/lib/libenergytrace.dylib
0x000000019302c000 	/System/Library/Frameworks/Network.framework/Versions/A/Network
0x000000019aaa4000 	/usr/lib/system/libkxld.dylib
0x000000023eba9000 	/System/Library/PrivateFrameworks/AppleKeyStore.framework/Versions/A/AppleKeyStore
0x000000028dac6000 	/usr/lib/libCoreEntitlements.dylib
0x0000000263bab000 	/System/Library/PrivateFrameworks/MessageSecurity.framework/Versions/A/MessageSecurity
0x00000001a4350000 	/System/Library/PrivateFrameworks/SymptomDiagnosticReporter.framework/Versions/A/SymptomDiagnosticReporter
0x000000019c220000 	/System/Library/PrivateFrameworks/CrashReporterSupport.framework/Versions/A/CrashReporterSupport
0x000000019a4bd000 	/System/Library/PrivateFrameworks/AppleFSCompression.framework/Versions/A/AppleFSCompression
0x0000000199d47000 	/usr/lib/libcoretls.dylib
0x000000019c051000 	/usr/lib/libcoretls_cfhelpers.dylib
0x000000019ad2a000 	/usr/lib/libpam.2.dylib
0x000000019c0c7000 	/usr/lib/libxar.1.dylib
0x000000019c053000 	/System/Library/PrivateFrameworks/APFS.framework/Versions/A/APFS
0x000000027bb48000 	/System/Library/PrivateFrameworks/SwiftASN1Internal.framework/Versions/A/SwiftASN1Internal
0x000000019c0d6000 	/usr/lib/libutil.dylib
0x00000001986e6000 	/System/Library/PrivateFrameworks/AppleSystemInfo.framework/Versions/A/AppleSystemInfo
0x00000001a6cad000 	/System/Library/PrivateFrameworks/CoreWiFi.framework/Versions/A/CoreWiFi
0x000000019f10d000 	/System/Library/PrivateFrameworks/MobileAsset.framework/Versions/A/MobileAsset
0x00000001a4360000 	/System/Library/PrivateFrameworks/PowerLog.framework/Versions/A/PowerLog
0x00000001a5822000 	/System/Library/PrivateFrameworks/Rapport.framework/Versions/A/Rapport
0x00000002377ce000 	/System/Library/Frameworks/SwiftData.framework/Versions/A/SwiftData
0x0000000190a47000 	/System/Library/Frameworks/UniformTypeIdentifiers.framework/Versions/A/UniformTypeIdentifiers
0x0000000195737000 	/System/Library/PrivateFrameworks/UserManagement.framework/Versions/A/UserManagement
0x0000000190f39000 	/usr/lib/libboringssl.dylib
0x0000000193011000 	/usr/lib/libdns_services.dylib
0x00000001b6efb000 	/usr/lib/libquic.dylib
0x000000019e309000 	/usr/lib/libusrtcp.dylib
0x000000023fa62000 	/System/Library/PrivateFrameworks/AtomicsInternal.framework/Versions/A/AtomicsInternal
0x000000028f514000 	/usr/lib/swift/libswiftDistributed.dylib
0x000000028f53d000 	/usr/lib/swift/libswiftObservation.dylib
0x000000028f679000 	/usr/lib/swift/libswiftSynchronization.dylib
0x00000001986e4000 	/System/Library/PrivateFrameworks/AggregateDictionary.framework/Versions/A/AggregateDictionary
0x00000001927aa000 	/System/Library/Frameworks/CoreData.framework/Versions/A/CoreData
0x0000000239827000 	/System/Library/Frameworks/_LocationEssentials.framework/Versions/A/_LocationEssentials
0x000000019c032000 	/usr/lib/liblzma.5.dylib
0x0000000199c40000 	/System/Library/PrivateFrameworks/MobileKeyBag.framework/Versions/A/MobileKeyBag
0x00000001a78a3000 	/System/Library/PrivateFrameworks/InternationalTextSearch.framework/Versions/A/InternationalTextSearch
0x00000001bf553000 	/System/Library/PrivateFrameworks/SoftwareUpdateCoreSupport.framework/Versions/A/SoftwareUpdateCoreSupport
0x00000001c7ab1000 	/System/Library/PrivateFrameworks/SoftwareUpdateCoreConnect.framework/Versions/A/SoftwareUpdateCoreConnect
0x00000001a7447000 	/System/Library/PrivateFrameworks/RemoteServiceDiscovery.framework/Versions/A/RemoteServiceDiscovery
0x00000001bf12b000 	/System/Library/PrivateFrameworks/MSUDataAccessor.framework/Versions/A/MSUDataAccessor
0x00000001ba093000 	/usr/lib/libbootpolicy.dylib
0x00000001a745e000 	/System/Library/PrivateFrameworks/RemoteXPC.framework/Versions/A/RemoteXPC
0x00000001c6ee7000 	/usr/lib/libFDR.dylib
0x00000001cce99000 	/usr/lib/libamsupport.dylib
0x000000028ddbc000 	/usr/lib/libReverseProxyDevice.dylib
0x000000023e419000 	/System/Library/PrivateFrameworks/AppleDeviceQuerySupport.framework/Versions/A/AppleDeviceQuerySupport
0x00000001d005b000 	/usr/lib/libpartition2_dynamic.dylib
0x000000019acc4000 	/System/Library/PrivateFrameworks/AppleSauce.framework/Versions/A/AppleSauce
0x000000028d971000 	/usr/lib/libAppleArchive.dylib
0x000000019a4c9000 	/usr/lib/libbz2.1.0.dylib
0x000000019497f000 	/System/Library/Frameworks/Accelerate.framework/Versions/A/Frameworks/vImage.framework/Versions/A/vImage
0x00000001a31b0000 	/System/Library/Frameworks/Accelerate.framework/Versions/A/Frameworks/vecLib.framework/Versions/A/vecLib
0x000000019c10d000 	/System/Library/Frameworks/Accelerate.framework/Versions/A/Frameworks/vecLib.framework/Versions/A/libvMisc.dylib
0x000000018b75c000 	/System/Library/Frameworks/Accelerate.framework/Versions/A/Frameworks/vecLib.framework/Versions/A/libBLAS.dylib
0x0000000230228000 	/System/Library/Frameworks/OpenGL.framework/Versions/A/OpenGL
0x00000002525a6000 	/System/Library/PrivateFrameworks/GPUCompiler.framework/Versions/32023/Libraries/libllvm-flatbuffers.dylib
0x000000024d005000 	/System/Library/PrivateFrameworks/FramePacing.framework/Versions/A/FramePacing
0x000000023021a000 	/System/Library/Frameworks/OpenGL.framework/Versions/A/Libraries/libCoreFSCache.dylib
0x000000024e133000 	/System/Library/PrivateFrameworks/GPUCompiler.framework/Versions/32023/Libraries/libGPUCompilerUtils.dylib
0x0000000230279000 	/System/Library/Frameworks/OpenGL.framework/Versions/A/Libraries/libGLU.dylib
0x000000023023c000 	/System/Library/Frameworks/OpenGL.framework/Versions/A/Libraries/libGFXShared.dylib
0x0000000230409000 	/System/Library/Frameworks/OpenGL.framework/Versions/A/Libraries/libGL.dylib
0x0000000230245000 	/System/Library/Frameworks/OpenGL.framework/Versions/A/Libraries/libGLImage.dylib
0x0000000230239000 	/System/Library/Frameworks/OpenGL.framework/Versions/A/Libraries/libCVMSPluginSupport.dylib
0x0000000230222000 	/System/Library/Frameworks/OpenGL.framework/Versions/A/Libraries/libCoreVMClient.dylib
0x000000019989c000 	/System/Library/Frameworks/Accelerate.framework/Versions/A/Frameworks/vecLib.framework/Versions/A/libvDSP.dylib
0x000000019ae0a000 	/System/Library/Frameworks/Accelerate.framework/Versions/A/Frameworks/vecLib.framework/Versions/A/libLAPACK.dylib
0x0000000199dd3000 	/System/Library/Frameworks/Accelerate.framework/Versions/A/Frameworks/vecLib.framework/Versions/A/libLinearAlgebra.dylib
0x000000019ad01000 	/System/Library/Frameworks/Accelerate.framework/Versions/A/Frameworks/vecLib.framework/Versions/A/libSparseBLAS.dylib
0x000000019ae05000 	/System/Library/Frameworks/Accelerate.framework/Versions/A/Frameworks/vecLib.framework/Versions/A/libQuadrature.dylib
0x0000000198814000 	/System/Library/Frameworks/Accelerate.framework/Versions/A/Frameworks/vecLib.framework/Versions/A/libBNNS.dylib
0x000000018c067000 	/System/Library/Frameworks/Accelerate.framework/Versions/A/Frameworks/vecLib.framework/Versions/A/libSparse.dylib
0x000000025e99f000 	/System/Library/PrivateFrameworks/MIL.framework/Versions/A/MIL
0x00000001c9f03000 	/System/Library/PrivateFrameworks/OSAnalytics.framework/Versions/A/OSAnalytics
0x000000024ac72000 	/System/Library/PrivateFrameworks/DeviceRecovery.framework/Versions/A/DeviceRecovery
0x00000001a56ba000 	/System/Library/PrivateFrameworks/CoreSymbolication.framework/Versions/A/CoreSymbolication
0x00000001d9875000 	/System/Library/PrivateFrameworks/Symbolication.framework/Versions/A/Symbolication
0x00000001a5698000 	/System/Library/PrivateFrameworks/DebugSymbols.framework/Versions/A/DebugSymbols
0x00000001b7f54000 	/System/Library/PrivateFrameworks/MallocStackLogging.framework/Versions/A/MallocStackLogging
0x000000028f751000 	/usr/lib/swift/libswift_RegexParser.dylib
0x00000001a0f63000 	/System/Library/PrivateFrameworks/GeoServices.framework/Versions/A/GeoServices
0x000000019e993000 	/System/Library/PrivateFrameworks/LocationSupport.framework/Versions/A/LocationSupport
0x00000001a4245000 	/System/Library/Frameworks/CoreBluetooth.framework/Versions/A/CoreBluetooth
0x00000002560f9000 	/System/Library/PrivateFrameworks/GeoServicesCore.framework/Versions/A/GeoServicesCore
0x00000001b0d63000 	/System/Library/PrivateFrameworks/PhoneNumbers.framework/Versions/A/PhoneNumbers
0x000000019f284000 	/System/Library/PrivateFrameworks/CorePhoneNumbers.framework/Versions/A/CorePhoneNumbers
0x000000019ab42000 	/usr/lib/libiconv.2.dylib
0x000000019aa9f000 	/usr/lib/libcharset.1.dylib
0x00000002322a4000 	/System/Library/Frameworks/ExtensionFoundation.framework/Versions/A/ExtensionFoundation
0x000000019c6fa000 	/System/Library/PrivateFrameworks/AppServerSupport.framework/Versions/A/AppServerSupport
0x0000000268c0c000 	/System/Library/PrivateFrameworks/OSEligibility.framework/Versions/A/OSEligibility
0x000000019c4fd000 	/System/Library/PrivateFrameworks/IconServices.framework/Versions/A/IconServices
0x0000000233688000 	/System/Library/Frameworks/LightweightCodeRequirements.framework/Versions/A/LightweightCodeRequirements
0x000000019c377000 	/System/Library/PrivateFrameworks/PlugInKit.framework/Versions/A/PlugInKit
0x0000000199c58000 	/System/Library/PrivateFrameworks/AssertionServices.framework/Versions/A/AssertionServices
0x000000019ca9d000 	/System/Library/PrivateFrameworks/AppleJPEG.framework/Versions/A/AppleJPEG
0x000000019c477000 	/usr/lib/libexpat.1.dylib
0x000000019d268000 	/System/Library/Frameworks/ImageIO.framework/Versions/A/Resources/libPng.dylib
0x000000019d293000 	/System/Library/Frameworks/ImageIO.framework/Versions/A/Resources/libTIFF.dylib
0x000000019d37b000 	/System/Library/Frameworks/ImageIO.framework/Versions/A/Resources/libGIF.dylib
0x000000019cae2000 	/System/Library/Frameworks/ImageIO.framework/Versions/A/Resources/libJP2.dylib
0x000000019c187000 	/usr/lib/libate.dylib
0x000000019d322000 	/System/Library/Frameworks/ImageIO.framework/Versions/A/Resources/libJPEG.dylib
0x000000019d319000 	/System/Library/Frameworks/ImageIO.framework/Versions/A/Resources/libRadiance.dylib
0x000000028f74f000 	/usr/lib/swift/libswift_DarwinFoundation2.dylib
0x000000028f750000 	/usr/lib/swift/libswift_DarwinFoundation3.dylib
0x000000019c49c000 	/System/Library/PrivateFrameworks/IconFoundation.framework/Versions/A/IconFoundation
0x000000025947d000 	/System/Library/PrivateFrameworks/IconRendering.framework/Versions/A/IconRendering
0x000000019520c000 	/System/Library/PrivateFrameworks/CoreUI.framework/Versions/A/CoreUI
0x0000000198133000 	/System/Library/Frameworks/CoreImage.framework/Versions/A/CoreImage
0x00000002705e7000 	/System/Library/PrivateFrameworks/SFSymbols.framework/Versions/A/SFSymbols
0x000000023215a000 	/System/Library/Frameworks/DeveloperToolsSupport.framework/Versions/A/DeveloperToolsSupport
0x00000001af12c000 	/System/Library/PrivateFrameworks/RenderBox.framework/Versions/A/RenderBox
0x0000000197db5000 	/System/Library/PrivateFrameworks/CoreSVG.framework/Versions/A/CoreSVG
0x000000019d405000 	/System/Library/PrivateFrameworks/TextureIO.framework/Versions/A/TextureIO
0x00000001b8063000 	/usr/lib/swift/libswiftCoreImage.dylib
0x000000019c6aa000 	/System/Library/PrivateFrameworks/GraphVisualizer.framework/Versions/A/GraphVisualizer
0x000000024cf10000 	/System/Library/PrivateFrameworks/FontServices.framework/Versions/A/FontServices
0x000000019c6ba000 	/System/Library/PrivateFrameworks/OTSVG.framework/Versions/A/OTSVG
0x00000001951ba000 	/System/Library/Frameworks/ApplicationServices.framework/Versions/A/Frameworks/ATS.framework/Versions/A/Resources/libFontRegistry.dylib
0x000000028e884000 	/usr/lib/libhvf.dylib
0x0000000269898000 	/System/Library/PrivateFrameworks/ParsingInternal.framework/Versions/A/ParsingInternal
0x000000024cf14000 	/System/Library/PrivateFrameworks/FontServices.framework/libXTFontStaticRegistryData.dylib
0x000000019861e000 	/System/Library/Frameworks/MetalPerformanceShaders.framework/Versions/A/Frameworks/MPSCore.framework/Versions/A/MPSCore
0x000000019a428000 	/System/Library/Frameworks/MetalPerformanceShaders.framework/Versions/A/Frameworks/MPSImage.framework/Versions/A/MPSImage
0x0000000199de7000 	/System/Library/Frameworks/MetalPerformanceShaders.framework/Versions/A/Frameworks/MPSNeuralNetwork.framework/Versions/A/MPSNeuralNetwork
0x000000019a226000 	/System/Library/Frameworks/MetalPerformanceShaders.framework/Versions/A/Frameworks/MPSMatrix.framework/Versions/A/MPSMatrix
0x000000019a03e000 	/System/Library/Frameworks/MetalPerformanceShaders.framework/Versions/A/Frameworks/MPSRayIntersector.framework/Versions/A/MPSRayIntersector
0x000000019a258000 	/System/Library/Frameworks/MetalPerformanceShaders.framework/Versions/A/Frameworks/MPSNDArray.framework/Versions/A/MPSNDArray
0x000000023450d000 	/System/Library/Frameworks/MetalPerformanceShaders.framework/Versions/A/Frameworks/MPSFunctions.framework/Versions/A/MPSFunctions
0x00000002344ee000 	/System/Library/Frameworks/MetalPerformanceShaders.framework/Versions/A/Frameworks/MPSBenchmarkLoop.framework/Versions/A/MPSBenchmarkLoop
0x0000000234521000 	/System/Library/Frameworks/MetalPerformanceShaders.framework/Versions/A/Frameworks/MPSHost.framework/Versions/A/MPSHost
0x000000018b573000 	/System/Library/PrivateFrameworks/MetalTools.framework/Versions/A/MetalTools
0x00000001bd27c000 	/System/Library/PrivateFrameworks/IOAccelMemoryInfo.framework/Versions/A/IOAccelMemoryInfo
0x00000001cb790000 	/System/Library/PrivateFrameworks/kperf.framework/Versions/A/kperf
0x00000001b7fdf000 	/System/Library/PrivateFrameworks/GPURawCounter.framework/Versions/A/GPURawCounter
0x00000001a900f000 	/System/Library/PrivateFrameworks/ASEProcessing.framework/Versions/A/ASEProcessing
0x000000026cd45000 	/System/Library/PrivateFrameworks/PhotosensitivityProcessing.framework/Versions/A/PhotosensitivityProcessing
0x000000027066d000 	/System/Library/PrivateFrameworks/SILManager.framework/Versions/A/SILManager
0x000000027ef9b000 	/System/Library/PrivateFrameworks/Tightbeam.framework/Versions/A/Tightbeam
0x00000001c5fb6000 	/usr/lib/swift/libswiftCompression.dylib
0x00000001d05c8000 	/System/Library/PrivateFrameworks/AFKUser.framework/Versions/A/AFKUser
0x000000019d34d000 	/System/Library/Frameworks/ApplicationServices.framework/Versions/A/Frameworks/ATSUI.framework/Versions/A/ATSUI
0x000000019ea23000 	/System/Library/Frameworks/AudioToolbox.framework/Versions/A/AudioToolbox
0x000000019a896000 	/System/Library/Frameworks/UserNotifications.framework/Versions/A/UserNotifications
0x00000001bda11000 	/System/Library/PrivateFrameworks/SiriInstrumentation.framework/Versions/A/SiriInstrumentation
0x0000000272ac8000 	/System/Library/PrivateFrameworks/SiriAnalytics.framework/Versions/A/SiriAnalytics
0x00000001bb179000 	/System/Library/PrivateFrameworks/FeedbackLogger.framework/Versions/A/FeedbackLogger
0x00000001d5a08000 	/usr/lib/swift/libswiftAVFoundation.dylib
0x00000002817c3000 	/System/Library/PrivateFrameworks/UnifiedAssetFramework.framework/Versions/A/UnifiedAssetFramework
0x000000018d819000 	/System/Library/PrivateFrameworks/AudioToolboxCore.framework/Versions/A/AudioToolboxCore
0x000000019ebf8000 	/System/Library/PrivateFrameworks/AudioSession.framework/Versions/A/AudioSession
0x00000001aa292000 	/System/Library/Frameworks/CoreMIDI.framework/Versions/A/CoreMIDI
0x000000019ec79000 	/usr/lib/libAudioStatistics.dylib
0x0000000197602000 	/System/Library/PrivateFrameworks/caulk.framework/Versions/A/caulk
0x000000018de05000 	/System/Library/Frameworks/CoreAudio.framework/Versions/A/CoreAudio
0x000000019d242000 	/usr/lib/libAudioToolboxUtility.dylib
0x00000001be93f000 	/usr/lib/swift/libswiftCoreMIDI.dylib
0x000000019f07c000 	/System/Library/PrivateFrameworks/perfdata.framework/Versions/A/perfdata
0x00000001b6ff0000 	/System/Library/PrivateFrameworks/SystemPolicy.framework/Versions/A/SystemPolicy
0x000000019ef21000 	/usr/lib/libSMC.dylib
0x000000019f08a000 	/usr/lib/libperfcheck.dylib
0x000000023fb31000 	/System/Library/PrivateFrameworks/AudioAnalytics.framework/Versions/A/AudioAnalytics
0x00000001ddec2000 	/System/Library/Frameworks/OSLog.framework/Versions/A/OSLog
0x00000001b7f86000 	/usr/lib/libmis.dylib
0x00000001a5817000 	/System/Library/PrivateFrameworks/CoreTime.framework/Versions/A/CoreTime
0x000000019c5bb000 	/System/Library/PrivateFrameworks/MediaExperience.framework/Versions/A/MediaExperience
0x000000019e9cd000 	/System/Library/PrivateFrameworks/AudioSession.framework/libSessionUtility.dylib
0x000000019d381000 	/System/Library/PrivateFrameworks/CMCaptureCore.framework/Versions/A/CMCaptureCore
0x000000019c707000 	/usr/lib/libspindump.dylib
0x0000000199acb000 	/System/Library/PrivateFrameworks/CoreUtils.framework/Versions/A/CoreUtils
0x00000001afe5f000 	/System/Library/PrivateFrameworks/HID.framework/Versions/A/HID
0x0000000249b8b000 	/System/Library/PrivateFrameworks/CoreUtilsExtras.framework/Versions/A/CoreUtilsExtras
0x00000002593d2000 	/System/Library/PrivateFrameworks/IO80211.framework/Versions/A/IO80211
0x00000001a0bbb000 	/System/Library/Frameworks/IOBluetooth.framework/Versions/A/IOBluetooth
0x000000028f55c000 	/usr/lib/swift/libswiftRegexBuilder.dylib
0x000000019c217000 	/usr/lib/libIOReport.dylib
0x00000001e6422000 	/System/Library/PrivateFrameworks/WiFiPeerToPeer.framework/Versions/A/WiFiPeerToPeer
0x0000000199c67000 	/System/Library/Frameworks/SecurityFoundation.framework/Versions/A/SecurityFoundation
0x000000024222d000 	/System/Library/PrivateFrameworks/Centauri.framework/Versions/A/Centauri
0x000000018bf57000 	/System/Library/PrivateFrameworks/Lexicon.framework/Versions/A/Lexicon
0x000000028ecd4000 	/usr/lib/libmrc.dylib
0x000000025943d000 	/System/Library/PrivateFrameworks/IPConfiguration.framework/Versions/A/IPConfiguration
0x00000001da04c000 	/System/Library/PrivateFrameworks/Netrb.framework/Versions/A/Netrb
0x00000001a51c8000 	/System/Library/PrivateFrameworks/FrontBoardServices.framework/Versions/A/FrontBoardServices
0x0000000199dd0000 	/usr/lib/libgermantok.dylib
0x000000019880d000 	/System/Library/PrivateFrameworks/LinguisticData.framework/Versions/A/LinguisticData
0x00000001a536f000 	/System/Library/PrivateFrameworks/GraphicsServices.framework/Versions/A/GraphicsServices
0x00000001a444e000 	/System/Library/PrivateFrameworks/MediaKit.framework/Versions/A/MediaKit
0x00000001a439c000 	/System/Library/Frameworks/DiscRecording.framework/Versions/A/DiscRecording
0x000000019c492000 	/usr/lib/libheimdal-asn1.dylib
0x00000001a7e77000 	/System/Library/Frameworks/AudioUnit.framework/Versions/A/AudioUnit
0x00000001954d2000 	/System/Library/Frameworks/OpenDirectory.framework/Versions/A/OpenDirectory
0x00000001954e0000 	/System/Library/Frameworks/OpenDirectory.framework/Versions/A/Frameworks/CFOpenDirectory.framework/Versions/A/CFOpenDirectory
0x0000000230795000 	/System/Library/Frameworks/AVFAudio.framework/Versions/A/AVFAudio
0x00000002308d9000 	/System/Library/Frameworks/AVRouting.framework/Versions/A/AVRouting
0x00000001b0e7b000 	/usr/lib/libAccessibility.dylib
0x000000025d26b000 	/System/Library/PrivateFrameworks/IsolatedCoreAudioClient.framework/Versions/A/IsolatedCoreAudioClient
0x00000002459c3000 	/System/Library/PrivateFrameworks/CoreAudioOrchestration.framework/Versions/A/CoreAudioOrchestration
0x000000019d869000 	/System/Library/Frameworks/MediaToolbox.framework/Versions/A/MediaToolbox
0x00000001a4574000 	/System/Library/PrivateFrameworks/CoreAVCHD.framework/Versions/A/CoreAVCHD
0x00000001a34a3000 	/System/Library/Frameworks/MediaAccessibility.framework/Versions/A/MediaAccessibility
0x00000001a4570000 	/System/Library/PrivateFrameworks/Mangrove.framework/Versions/A/Mangrove
0x0000000241869000 	/System/Library/PrivateFrameworks/CMPhoto.framework/Versions/A/CMPhoto
0x00000001a4d3d000 	/System/Library/Frameworks/CoreTelephony.framework/Versions/A/CoreTelephony
0x00000001a4563000 	/System/Library/PrivateFrameworks/CoreAUC.framework/Versions/A/CoreAUC
0x000000023e9da000 	/System/Library/PrivateFrameworks/AppleJPEGXL.framework/Versions/A/AppleJPEGXL
0x000000028370b000 	/System/Library/PrivateFrameworks/VideoToolboxParavirtualizationSupport.framework/Versions/A/VideoToolboxParavirtualizationSupport
0x000000019c42e000 	/System/Library/PrivateFrameworks/AppleVA.framework/Versions/A/AppleVA
0x000000019f294000 	/usr/lib/libTelephonyUtilDynamic.dylib
0x000000019d314000 	/System/Library/PrivateFrameworks/GPUWrangler.framework/Versions/A/GPUWrangler
0x000000019d2f4000 	/System/Library/PrivateFrameworks/IOPresentment.framework/Versions/A/IOPresentment
0x000000019d31c000 	/System/Library/PrivateFrameworks/DSExternalDisplay.framework/Versions/A/DSExternalDisplay
0x00000001e0fb4000 	/System/Library/Frameworks/CryptoKit.framework/Versions/A/CryptoKit
0x00000001a7e72000 	/System/Library/PrivateFrameworks/CryptoKitCBridging.framework/Versions/A/CryptoKitCBridging
0x00000001a5381000 	/System/Library/Frameworks/CryptoTokenKit.framework/Versions/A/CryptoTokenKit
0x000000024a6e3000 	/System/Library/PrivateFrameworks/Dendrite.framework/Versions/A/Dendrite
0x00000001b7b87000 	/System/Library/Frameworks/NaturalLanguage.framework/Versions/A/NaturalLanguage
0x0000000255dfc000 	/System/Library/PrivateFrameworks/GenerativeModels.framework/Versions/A/GenerativeModels
0x00000001e63aa000 	/usr/lib/swift/libswiftNaturalLanguage.dylib
0x000000023f550000 	/System/Library/PrivateFrameworks/AppleMobileFileIntegrity.framework/Versions/A/AppleMobileFileIntegrity
0x000000028de33000 	/usr/lib/libTLE.dylib
0x00000001efab1000 	/System/Library/PrivateFrameworks/ConfigProfileHelper.framework/Versions/A/ConfigProfileHelper
0x00000001a8001000 	/System/Library/PrivateFrameworks/Espresso.framework/Versions/A/Espresso
0x0000000195c61000 	/System/Library/Frameworks/CoreML.framework/Versions/A/CoreML
0x00000001e4267000 	/usr/lib/libedit.3.dylib
0x000000022d5a4000 	/System/Library/PrivateFrameworks/ANECompiler.framework/Versions/A/ANECompiler
0x00000001aa0d6000 	/System/Library/PrivateFrameworks/AppleNeuralEngine.framework/Versions/A/AppleNeuralEngine
0x0000000234527000 	/System/Library/Frameworks/MetalPerformanceShadersGraph.framework/Versions/A/MetalPerformanceShadersGraph
0x000000025f10e000 	/System/Library/PrivateFrameworks/MLCompilerServices.framework/Versions/A/MLCompilerServices
0x00000001a8e53000 	/System/Library/PrivateFrameworks/ANEServices.framework/Versions/A/ANEServices
0x00000001bd23f000 	/usr/lib/libncurses.5.4.dylib
0x000000018f10e000 	/usr/lib/libsandbox.1.dylib
0x000000019c3b8000 	/usr/lib/libMatch.1.dylib
0x000000026898e000 	/System/Library/PrivateFrameworks/ODIE.framework/Versions/A/ODIE
0x0000000261d9b000 	/System/Library/PrivateFrameworks/MLModelAsset.framework/Versions/A/MLModelAsset
0x000000025f0b4000 	/System/Library/PrivateFrameworks/MLCompilerRuntime.framework/Versions/A/MLCompilerRuntime
0x000000019a093000 	/System/Library/Frameworks/MLCompute.framework/Versions/A/MLCompute
0x000000025f036000 	/System/Library/PrivateFrameworks/MLAssetIO.framework/Versions/A/MLAssetIO
0x000000028f52e000 	/usr/lib/swift/libswiftMLCompute.dylib
0x00000001a4f58000 	/System/Library/PrivateFrameworks/AVFCore.framework/Versions/A/AVFCore
0x00000001ae77d000 	/System/Library/PrivateFrameworks/AVFCapture.framework/Versions/A/AVFCapture
0x0000000241660000 	/System/Library/PrivateFrameworks/CMImaging.framework/Versions/A/CMImaging
0x00000001ae9bf000 	/System/Library/PrivateFrameworks/Quagga.framework/Versions/A/Quagga
0x00000001aeaf0000 	/System/Library/PrivateFrameworks/CMCapture.framework/Versions/A/CMCapture
0x000000019ee1e000 	/System/Library/Frameworks/CoreMediaIO.framework/Versions/A/CoreMediaIO
0x000000024159b000 	/System/Library/PrivateFrameworks/CMCaptureDevice.framework/Versions/A/CMCaptureDevice
0x000000019c7f3000 	/System/Library/PrivateFrameworks/CoreBrightness.framework/Versions/A/CoreBrightness
0x0000000242724000 	/System/Library/PrivateFrameworks/CinematicFraming.framework/Versions/A/CinematicFraming
0x0000000264e76000 	/System/Library/PrivateFrameworks/ModelManagerServices.framework/Versions/A/ModelManagerServices
0x00000001d2a72000 	/System/Library/PrivateFrameworks/CPMS.framework/Versions/A/CPMS
0x000000027c6c3000 	/System/Library/PrivateFrameworks/SystemStatus.framework/Versions/A/SystemStatus
0x00000001b69c5000 	/System/Library/Frameworks/CoreMotion.framework/Versions/A/CoreMotion
0x00000001c6f92000 	/System/Library/PrivateFrameworks/TimeSync.framework/Versions/A/TimeSync
0x000000024b0a9000 	/System/Library/PrivateFrameworks/DistributedSensing.framework/Versions/A/DistributedSensing
0x00000001c2387000 	/System/Library/PrivateFrameworks/MobileBluetooth.framework/Versions/A/MobileBluetooth
0x00000001c8c50000 	/System/Library/PrivateFrameworks/IOKitten.framework/Versions/A/IOKitten
0x000000025e881000 	/System/Library/PrivateFrameworks/LocationLogEncryption.framework/Versions/A/LocationLogEncryption
0x000000023e854000 	/System/Library/PrivateFrameworks/AppleIntelligenceReporting.framework/Versions/A/AppleIntelligenceReporting
0x0000000242179000 	/System/Library/PrivateFrameworks/CascadeSets.framework/Versions/A/CascadeSets
0x00000001999da000 	/System/Library/PrivateFrameworks/CoreEmoji.framework/Versions/A/CoreEmoji
0x000000018c269000 	/usr/lib/libCRFSuite.dylib
0x000000018d549000 	/System/Library/PrivateFrameworks/LanguageModeling.framework/Versions/A/LanguageModeling
0x00000001986ed000 	/System/Library/PrivateFrameworks/CoreNLP.framework/Versions/A/CoreNLP
0x00000001924bf000 	/System/Library/PrivateFrameworks/Montreal.framework/Versions/A/Montreal
0x000000019ab4a000 	/usr/lib/libcmph.dylib
0x0000000199d71000 	/usr/lib/libmecab.dylib
0x000000019acbb000 	/usr/lib/libThaiTokenizer.dylib
0x0000000255ede000 	/System/Library/PrivateFrameworks/GenerativeModelsFoundation.framework/Versions/A/GenerativeModelsFoundation
0x000000027f4a0000 	/System/Library/PrivateFrameworks/TokenGeneration.framework/Versions/A/TokenGeneration
0x0000000255cb2000 	/System/Library/PrivateFrameworks/GenerativeFunctions.framework/Versions/A/GenerativeFunctions
0x0000000255d00000 	/System/Library/PrivateFrameworks/GenerativeFunctionsFoundation.framework/Versions/A/GenerativeFunctionsFoundation
0x0000000264b3c000 	/System/Library/PrivateFrameworks/ModelCatalog.framework/Versions/A/ModelCatalog
0x0000000271ce2000 	/System/Library/PrivateFrameworks/SensitiveContentAnalysisML.framework/Versions/A/SensitiveContentAnalysisML
0x0000000255d96000 	/System/Library/PrivateFrameworks/GenerativeFunctionsInstrumentation.framework/Versions/A/GenerativeFunctionsInstrumentation
0x000000026eb5a000 	/System/Library/PrivateFrameworks/PromptKit.framework/Versions/A/PromptKit
0x000000026e571000 	/System/Library/PrivateFrameworks/ProactiveDaemonSupport.framework/Versions/A/ProactiveDaemonSupport
0x000000027f6d8000 	/System/Library/PrivateFrameworks/TokenGenerationCore.framework/Versions/A/TokenGenerationCore
0x00000001b8a52000 	/System/Library/PrivateFrameworks/Trial.framework/Versions/A/Trial
0x00000001b89d3000 	/System/Library/PrivateFrameworks/TrialProto.framework/Versions/A/TrialProto
0x000000023e480000 	/System/Library/PrivateFrameworks/AppleFlatBuffers.framework/Versions/A/AppleFlatBuffers
0x0000000271fb2000 	/System/Library/PrivateFrameworks/SentencePieceInternal.framework/Versions/A/SentencePieceInternal
0x00000001a34fd000 	/System/Library/Frameworks/Vision.framework/Versions/A/Vision
0x000000024986d000 	/System/Library/PrivateFrameworks/CoreSceneUnderstanding.framework/Versions/A/CoreSceneUnderstanding
0x0000000284318000 	/System/Library/PrivateFrameworks/VisionCore.framework/Versions/A/VisionCore
0x000000019d7a6000 	/System/Library/PrivateFrameworks/DataDetectorsCore.framework/Versions/A/DataDetectorsCore
0x00000001c1315000 	/System/Library/Frameworks/Vision.framework/libfaceCore.dylib
0x00000001c1e2f000 	/System/Library/PrivateFrameworks/Futhark.framework/Versions/A/Futhark
0x00000001c5d6f000 	/System/Library/PrivateFrameworks/InertiaCam.framework/Versions/A/InertiaCam
0x00000001c1bbc000 	/System/Library/PrivateFrameworks/TextRecognition.framework/Versions/A/TextRecognition
0x0000000232143000 	/System/Library/Frameworks/DataDetection.framework/Versions/A/DataDetection
0x00000001bbde5000 	/System/Library/PrivateFrameworks/TextInput.framework/Versions/A/TextInput
0x000000019c255000 	/System/Library/PrivateFrameworks/CVNLP.framework/Versions/A/CVNLP
0x0000000231c28000 	/System/Library/Frameworks/CoreTransferable.framework/Versions/A/CoreTransferable
0x000000019f061000 	/System/Library/PrivateFrameworks/NetAuth.framework/Versions/A/NetAuth
0x00000001956f6000 	/System/Library/PrivateFrameworks/login.framework/Versions/A/Frameworks/loginsupport.framework/Versions/A/loginsupport
0x000000019088e000 	/System/Library/PrivateFrameworks/UIFoundation.framework/Versions/A/UIFoundation
0x000000019c70e000 	/System/Library/PrivateFrameworks/Heimdal.framework/Versions/A/Heimdal
0x000000019ed09000 	/usr/lib/libresolv.9.dylib
0x000000019f0fc000 	/System/Library/PrivateFrameworks/CommonAuth.framework/Versions/A/CommonAuth
0x0000000199d3b000 	/usr/lib/libCheckFix.dylib
0x000000019487c000 	/System/Library/PrivateFrameworks/MetadataUtilities.framework/Versions/A/MetadataUtilities
0x0000000259ec4000 	/System/Library/PrivateFrameworks/InstalledContentLibrary.framework/Versions/A/InstalledContentLibrary
0x000000018efd2000 	/System/Library/PrivateFrameworks/CoreServicesStore.framework/Versions/A/CoreServicesStore
0x0000000195541000 	/usr/lib/libapp_launch_measurement.dylib
0x00000001cb8a7000 	/System/Library/PrivateFrameworks/MobileSystemServices.framework/Versions/A/MobileSystemServices
0x000000019c0da000 	/usr/lib/libxslt.1.dylib
0x0000000199cfa000 	/System/Library/PrivateFrameworks/BackgroundTaskManagement.framework/Versions/A/BackgroundTaskManagement
0x00000001a7508000 	/usr/lib/libcurl.4.dylib
0x000000028e638000 	/usr/lib/libcrypto.46.dylib
0x000000028f1d7000 	/usr/lib/libssl.48.dylib
0x00000001a71e2000 	/System/Library/Frameworks/LDAP.framework/Versions/A/LDAP
0x000000019f098000 	/System/Library/Frameworks/Kerberos.framework/Versions/A/Kerberos
0x00000001a721e000 	/System/Library/PrivateFrameworks/TrustEvaluationAgent.framework/Versions/A/TrustEvaluationAgent
0x000000019ed26000 	/usr/lib/libsasl2.2.dylib
0x00000001a7e76000 	/System/Library/Frameworks/Kerberos.framework/Versions/A/Libraries/libHeimdalProxy.dylib
0x000000026d159000 	/System/Library/PrivateFrameworks/PoirotSQLite.framework/Versions/A/PoirotSQLite
0x00000001de3ab000 	/System/Library/PrivateFrameworks/HIDDisplay.framework/Versions/A/HIDDisplay
0x000000019f002000 	/usr/lib/libcups.2.dylib
0x00000001b0d6f000 	/System/Library/PrivateFrameworks/AXCoreUtilities.framework/Versions/A/AXCoreUtilities
0x00000001c1160000 	/System/Library/PrivateFrameworks/AttributeGraph.framework/Versions/A/AttributeGraph
0x000000028d934000 	/usr/lib/libAXSafeCategoryBundle.dylib
0x00000002388b2000 	/System/Library/Frameworks/TabularData.framework/Versions/A/TabularData
0x000000023f700000 	/System/Library/PrivateFrameworks/ArgumentParserInternal.framework/Versions/A/ArgumentParserInternal
0x00000001aa485000 	/System/Library/Frameworks/Cocoa.framework/Versions/A/Cocoa
0x000000018f16b000 	/System/Library/Frameworks/AppKit.framework/Versions/C/AppKit
0x00000002435a4000 	/System/Library/PrivateFrameworks/CollectionViewCore.framework/Versions/A/CollectionViewCore
0x0000000197daf000 	/System/Library/PrivateFrameworks/XCTTargetBootstrap.framework/Versions/A/XCTTargetBootstrap
0x000000019d7f8000 	/System/Library/PrivateFrameworks/UserActivity.framework/Versions/A/UserActivity
0x000000024d012000 	/System/Library/PrivateFrameworks/FrontBoard.framework/Versions/A/FrontBoard
0x00000002810e8000 	/System/Library/PrivateFrameworks/UIIntelligenceSupport.framework/Versions/A/UIIntelligenceSupport
0x000000023793b000 	/System/Library/Frameworks/SwiftUICore.framework/Versions/A/SwiftUICore
0x0000000287c7c000 	/System/Library/PrivateFrameworks/WritingTools.framework/Versions/A/WritingTools
0x0000000286a77000 	/System/Library/PrivateFrameworks/WindowManagement.framework/Versions/A/WindowManagement
0x000000024cd47000 	/System/Library/PrivateFrameworks/FocusEngine.framework/Versions/A/FocusEngine
0x000000024a753000 	/System/Library/PrivateFrameworks/DesignLibrary.framework/Versions/A/DesignLibrary
0x0000000197d9a000 	/System/Library/PrivateFrameworks/DFRFoundation.framework/Versions/A/DFRFoundation
0x0000000282031000 	/System/Library/PrivateFrameworks/UpdateCycle.framework/Versions/A/UpdateCycle
0x0000000197a9e000 	/System/Library/Frameworks/Carbon.framework/Versions/A/Frameworks/HIToolbox.framework/Versions/A/HIToolbox
0x00000001a2dc3000 	/System/Library/Frameworks/Carbon.framework/Versions/A/Frameworks/SpeechRecognition.framework/Versions/A/SpeechRecognition
0x00000001954c8000 	/System/Library/PrivateFrameworks/PerformanceAnalysis.framework/Versions/A/PerformanceAnalysis
0x00000001a3153000 	/System/Library/Frameworks/Accessibility.framework/Versions/A/Accessibility
0x0000000238898000 	/System/Library/Frameworks/Symbols.framework/Versions/A/Symbols
0x00000002562a7000 	/System/Library/PrivateFrameworks/Gestures.framework/Versions/A/Gestures
0x000000028f5ff000 	/usr/lib/swift/libswiftSpatial.dylib
0x00000001b4e98000 	/usr/lib/swift/libswiftCoreGraphics.dylib
0x00000001a3b97000 	/usr/lib/swift/libswiftFoundation.dylib
0x00000001ef455000 	/usr/lib/swift/libswiftSwiftOnoneSupport.dylib
0x000000028f885000 	/usr/lib/swift/libswiftsys_time.dylib
0x00000001da08a000 	/System/Library/PrivateFrameworks/CoreMaterial.framework/Versions/A/CoreMaterial
0x000000028de30000 	/usr/lib/libSpatial.dylib
0x000000028d851000 	/System/Library/SubFrameworks/UIUtilities.framework/Versions/A/UIUtilities
0x000000010857c000 	/Users/tinayan/Library/Java/JavaVirtualMachines/openjdk-26.0.1/Contents/Home/lib/server/libjvm.dylib
0x0000000102a40000 	/Users/tinayan/Library/Java/JavaVirtualMachines/openjdk-26.0.1/Contents/Home/lib/libjimage.dylib
0x0000000102a6c000 	/Users/tinayan/Library/Java/JavaVirtualMachines/openjdk-26.0.1/Contents/Home/lib/libinstrument.dylib
0x0000000102ab4000 	/Users/tinayan/Library/Java/JavaVirtualMachines/openjdk-26.0.1/Contents/Home/lib/libjava.dylib
0x0000000102ae4000 	/Users/tinayan/Library/Java/JavaVirtualMachines/openjdk-26.0.1/Contents/Home/lib/libzip.dylib
0x0000000107fdc000 	/Users/tinayan/Library/Java/JavaVirtualMachines/openjdk-26.0.1/Contents/Home/lib/libnio.dylib
0x0000000107ffc000 	/Users/tinayan/Library/Java/JavaVirtualMachines/openjdk-26.0.1/Contents/Home/lib/libnet.dylib
0x0000000102b04000 	/Users/tinayan/Library/Java/JavaVirtualMachines/openjdk-26.0.1/Contents/Home/lib/libextnet.dylib
0x0000000108014000 	/Users/tinayan/.openjfx/cache/21.0.2+5/aarch64/libprism_es2.dylib
0x00000001b69c4000 	/System/Library/Frameworks/Carbon.framework/Versions/A/Carbon
0x00000001acb86000 	/System/Library/Frameworks/Carbon.framework/Versions/A/Frameworks/CommonPanels.framework/Versions/A/CommonPanels
0x00000001a74f3000 	/System/Library/Frameworks/Carbon.framework/Versions/A/Frameworks/Help.framework/Versions/A/Help
0x00000001acb8a000 	/System/Library/Frameworks/Carbon.framework/Versions/A/Frameworks/ImageCapture.framework/Versions/A/ImageCapture
0x00000001acb65000 	/System/Library/Frameworks/Carbon.framework/Versions/A/Frameworks/OpenScripting.framework/Versions/A/OpenScripting
0x00000001acb85000 	/System/Library/Frameworks/Carbon.framework/Versions/A/Frameworks/Ink.framework/Versions/A/Ink
0x00000001acb82000 	/System/Library/Frameworks/Carbon.framework/Versions/A/Frameworks/SecurityHI.framework/Versions/A/SecurityHI
0x000000028dca4000 	/usr/lib/libInterpreterSecurity.dylib
0x00000001cd624000 	/System/Library/PrivateFrameworks/XprotectFramework.framework/Versions/A/XprotectFramework
0x00000001b0180000 	/System/Library/PrivateFrameworks/yara.framework/Versions/A/yara
0x000000028dc21000 	/usr/lib/libEndpointSecuritySystem.dylib
0x0000000108028000 	/Users/tinayan/Library/Java/JavaVirtualMachines/openjdk-26.0.1/Contents/Home/lib/libmanagement.dylib
0x000000010803c000 	/Users/tinayan/Library/Java/JavaVirtualMachines/openjdk-26.0.1/Contents/Home/lib/libmanagement_ext.dylib
0x0000000230413000 	/System/Library/Frameworks/OpenGL.framework/Versions/A/Resources/GLEngine.bundle/GLEngine
0x00000002302b3000 	/System/Library/Frameworks/OpenGL.framework/Versions/A/Libraries/libGLProgrammability.dylib
0x0000000108248000 	/System/Library/Extensions/AppleMetalOpenGLRenderer.bundle/Contents/MacOS/AppleMetalOpenGLRenderer
0x0000000230571000 	/System/Library/Frameworks/OpenGL.framework/Versions/A/Resources/GLRendererFloat.bundle/GLRendererFloat
0x0000000128308000 	/System/Library/Extensions/AGXMetalG15G_C0.bundle/Contents/MacOS/AGXMetalG15G_C0
0x00000001afe73000 	/System/Library/PrivateFrameworks/IOGPU.framework/Versions/A/IOGPU
0x00000001082e0000 	/Users/tinayan/.openjfx/cache/21.0.2+5/aarch64/libglass.dylib
0x0000000230a49000 	/System/Library/Frameworks/AppIntents.framework/Versions/A/AppIntents
0x000000023700a000 	/System/Library/Frameworks/RelevanceKit.framework/Versions/A/RelevanceKit
0x000000019a8e7000 	/System/Library/Frameworks/CoreSpotlight.framework/Versions/A/CoreSpotlight
0x000000025e3f6000 	/System/Library/PrivateFrameworks/LinkServices.framework/Versions/A/LinkServices
0x00000001a3e5c000 	/System/Library/Frameworks/Contacts.framework/Versions/A/Contacts
0x000000023d0ca000 	/System/Library/PrivateFrameworks/AppIntentsTypeSupport.framework/Versions/A/AppIntentsTypeSupport
0x000000024b1a5000 	/System/Library/PrivateFrameworks/DoNotDisturb.framework/Versions/A/DoNotDisturb
0x000000025e244000 	/System/Library/PrivateFrameworks/LinkMetadata.framework/Versions/A/LinkMetadata
0x00000001b800a000 	/usr/lib/swift/libswiftIntents.dylib
0x00000001bd399000 	/System/Library/PrivateFrameworks/IntentsCore.framework/Versions/A/IntentsCore
0x0000000240010000 	/System/Library/PrivateFrameworks/AvailabilityKit.framework/Versions/A/AvailabilityKit
0x000000023ccad000 	/System/Library/PrivateFrameworks/AppIntentSchemas.framework/Versions/A/AppIntentSchemas
0x0000000232b96000 	/System/Library/Frameworks/GeoToolbox.framework/Versions/A/GeoToolbox
0x0000000252b44000 	/System/Library/PrivateFrameworks/GRDBInternal.framework/Versions/A/GRDBInternal
0x000000027b22f000 	/System/Library/PrivateFrameworks/StatusKit.framework/Versions/A/StatusKit
0x00000001a3c73000 	/System/Library/PrivateFrameworks/ContactsPersistence.framework/Versions/A/ContactsPersistence
0x00000001a2dc7000 	/System/Library/PrivateFrameworks/AppleLDAP.framework/Versions/A/AppleLDAP
0x00000001a78a6000 	/System/Library/Frameworks/ClassKit.framework/Versions/A/ClassKit
0x00000001a9b55000 	/System/Library/PrivateFrameworks/CoreSuggestions.framework/Versions/A/CoreSuggestions
0x00000001a3b98000 	/System/Library/PrivateFrameworks/ContactsFoundation.framework/Versions/A/ContactsFoundation
0x00000001a532f000 	/System/Library/PrivateFrameworks/vCard.framework/Versions/A/vCard
0x0000000243b75000 	/System/Library/PrivateFrameworks/ContactsMetrics.framework/Versions/A/ContactsMetrics
0x000000019c7cf000 	/System/Library/PrivateFrameworks/login.framework/Versions/A/login
0x000000026282a000 	/System/Library/PrivateFrameworks/ManagedOrganizationContacts.framework/Versions/A/ManagedOrganizationContacts
0x0000000195b8c000 	/System/Library/PrivateFrameworks/CloudDocs.framework/Versions/A/CloudDocs
0x00000001b0723000 	/System/Library/PrivateFrameworks/ProactiveEventTracker.framework/Versions/A/ProactiveEventTracker
0x00000001a4779000 	/System/Library/PrivateFrameworks/GenerationalStorage.framework/Versions/A/GenerationalStorage
0x000000019f1f2000 	/System/Library/PrivateFrameworks/CacheDelete.framework/Versions/A/CacheDelete
0x00000001a7fb3000 	/System/Library/Frameworks/QuickLookThumbnailing.framework/Versions/A/QuickLookThumbnailing
0x00000001a45a2000 	/System/Library/Frameworks/FileProvider.framework/Versions/A/FileProvider
0x0000000190a5e000 	/System/Library/PrivateFrameworks/DesktopServicesPriv.framework/Versions/A/DesktopServicesPriv
0x00000001b7a65000 	/System/Library/PrivateFrameworks/FTServices.framework/Versions/A/FTServices
0x00000001afe14000 	/System/Library/PrivateFrameworks/CloudServices.framework/Versions/A/CloudServices
0x0000000197046000 	/System/Library/Frameworks/CoreLocation.framework/Versions/A/CoreLocation
0x00000001a6633000 	/System/Library/Frameworks/Intents.framework/Versions/A/Intents
0x000000019a50f000 	/System/Library/PrivateFrameworks/AuthKit.framework/Versions/A/AuthKit
0x00000001be91d000 	/usr/lib/swift/libswiftCoreLocation.dylib
0x00000001a07b2000 	/System/Library/PrivateFrameworks/Sharing.framework/Versions/A/Sharing
0x00000001a0137000 	/System/Library/PrivateFrameworks/IDSFoundation.framework/Versions/A/IDSFoundation
0x00000001a6cac000 	/System/Library/PrivateFrameworks/Apple80211.framework/Versions/A/Apple80211
0x0000000199a48000 	/System/Library/Frameworks/CoreWLAN.framework/Versions/A/CoreWLAN
0x000000019e91a000 	/System/Library/PrivateFrameworks/IMFoundation.framework/Versions/A/IMFoundation
0x00000001b017f000 	/System/Library/PrivateFrameworks/Marco.framework/Versions/A/Marco
0x0000000192e28000 	/System/Library/PrivateFrameworks/CommonUtilities.framework/Versions/A/CommonUtilities
0x00000001acb4d000 	/System/Library/PrivateFrameworks/Engram.framework/Versions/A/Engram
0x0000000288183000 	/System/Library/PrivateFrameworks/XPCDistributed.framework/Versions/A/XPCDistributed
0x00000001acaeb000 	/usr/lib/libtidy.A.dylib
0x000000019ca22000 	/System/Library/PrivateFrameworks/Bom.framework/Versions/A/Bom
0x000000019ed46000 	/usr/lib/libParallelCompression.dylib
0x000000019ed39000 	/System/Library/PrivateFrameworks/MultiverseSupport.framework/Versions/A/MultiverseSupport
0x00000001a4480000 	/System/Library/PrivateFrameworks/DiskManagement.framework/Versions/A/DiskManagement
0x00000001a438f000 	/System/Library/PrivateFrameworks/AppleIDAuthSupport.framework/Versions/A/AppleIDAuthSupport
0x000000023a147000 	/System/Library/PrivateFrameworks/AAAFoundation.framework/Versions/A/AAAFoundation
0x000000019f241000 	/System/Library/PrivateFrameworks/KeychainCircle.framework/Versions/A/KeychainCircle
0x00000001b0d65000 	/System/Library/PrivateFrameworks/URLFormatting.framework/Versions/A/URLFormatting
0x00000001a74fc000 	/usr/lib/libcsfde.dylib
0x000000019c3c0000 	/usr/lib/libCoreStorage.dylib
0x00000001a0c91000 	/System/Library/PrivateFrameworks/ProtectedCloudStorage.framework/Versions/A/ProtectedCloudStorage
0x00000001a74f7000 	/System/Library/PrivateFrameworks/EFILogin.framework/Versions/A/EFILogin
0x00000001a47a0000 	/System/Library/PrivateFrameworks/OctagonTrust.framework/Versions/A/OctagonTrust
0x000000019ff11000 	/System/Library/PrivateFrameworks/IDS.framework/Versions/A/IDS
0x00000001a5403000 	/System/Library/Frameworks/LocalAuthentication.framework/Versions/A/LocalAuthentication
0x000000025e634000 	/System/Library/PrivateFrameworks/LocalAuthenticationCore.framework/Versions/A/LocalAuthenticationCore
0x000000025e7fc000 	/System/Library/PrivateFrameworks/LocalAuthenticationCredentialServices.framework/Versions/A/LocalAuthenticationCredentialServices
0x00000001a5470000 	/System/Library/Frameworks/LocalAuthentication.framework/Support/SharedUtils.framework/Versions/A/SharedUtils
0x000000023f9bb000 	/System/Library/PrivateFrameworks/AsyncAlgorithmsInternal.framework/Versions/A/AsyncAlgorithmsInternal
0x00000001c69fd000 	/System/Library/PrivateFrameworks/FTAWD.framework/Versions/A/FTAWD
0x00000001a7f3b000 	/System/Library/PrivateFrameworks/IntentsFoundation.framework/Versions/A/IntentsFoundation
0x00000001956f9000 	/System/Library/PrivateFrameworks/ApplePushService.framework/Versions/A/ApplePushService
0x0000000195764000 	/System/Library/Frameworks/CloudKit.framework/Versions/A/CloudKit
0x00000001cea31000 	/System/Library/PrivateFrameworks/DeviceIdentity.framework/Versions/A/DeviceIdentity
0x0000000237494000 	/System/Library/Frameworks/SharedWithYouCore.framework/Versions/A/SharedWithYouCore
0x0000000243003000 	/System/Library/PrivateFrameworks/CloudTelemetry.framework/Versions/A/CloudTelemetry
0x00000001a796e000 	/System/Library/PrivateFrameworks/AppleAccount.framework/Versions/A/AppleAccount
0x00000001a7f56000 	/System/Library/PrivateFrameworks/C2.framework/Versions/A/C2
0x0000000242c57000 	/System/Library/PrivateFrameworks/CloudCoreInternal.framework/Versions/A/CloudCoreInternal
0x00000002429bf000 	/System/Library/PrivateFrameworks/CloudAsset.framework/Versions/A/CloudAsset
0x00000001a7f4c000 	/System/Library/Frameworks/PushKit.framework/Versions/A/PushKit
0x0000000243028000 	/System/Library/PrivateFrameworks/CloudTelemetryTools.framework/Versions/A/CloudTelemetryTools
0x0000000243019000 	/System/Library/PrivateFrameworks/CloudTelemetryShared.dylib
0x00000001a9e2c000 	/System/Library/PrivateFrameworks/RTCReporting.framework/Versions/A/RTCReporting
0x000000023a16a000 	/System/Library/PrivateFrameworks/AAAFoundationSwift.framework/Versions/A/AAAFoundationSwift
0x00000001a7bf4000 	/System/Library/PrivateFrameworks/AppleIDSSOAuthentication.framework/Versions/A/AppleIDSSOAuthentication
0x0000000195393000 	/System/Library/PrivateFrameworks/ViewBridge.framework/Versions/A/ViewBridge
0x000000023971d000 	/System/Library/Frameworks/_AppIntents_AppKit.framework/Versions/A/_AppIntents_AppKit
0x00000001be902000 	/System/Library/Frameworks/Accelerate.framework/Versions/A/Frameworks/vImage.framework/Versions/A/Libraries/libCGInterfaces.dylib
0x0000000108548000 	/usr/lib/libobjc-trampolines.dylib
0x000000028d938000 	/usr/lib/libAccessibilityBaseImplementations.dylib
0x0000000287c81000 	/System/Library/PrivateFrameworks/WritingToolsUI.framework/Versions/A/WritingToolsUI
0x0000000255acd000 	/System/Library/PrivateFrameworks/GenerativeAssistantSettings.framework/Versions/A/GenerativeAssistantSettings
0x000000027cf9c000 	/System/Library/PrivateFrameworks/TextComposer.framework/Versions/A/TextComposer
0x0000000255aa0000 	/System/Library/PrivateFrameworks/GenerativeAssistantCommon.framework/Versions/A/GenerativeAssistantCommon
0x00000001bfa16000 	/System/Library/Frameworks/SwiftUI.framework/Versions/A/SwiftUI
0x000000023c9ca000 	/System/Library/PrivateFrameworks/Anvil.framework/Versions/A/Anvil
0x0000000255f54000 	/System/Library/PrivateFrameworks/GenerativePartnerService.framework/Versions/A/GenerativePartnerService
0x0000000255f7f000 	/System/Library/PrivateFrameworks/GenerativePartnerServiceUI.framework/Versions/A/GenerativePartnerServiceUI
0x00000001b7c01000 	/System/Library/Frameworks/SafariServices.framework/Versions/A/SafariServices
0x00000001b4f91000 	/System/Library/Frameworks/WebKit.framework/Versions/A/WebKit
0x000000023975c000 	/System/Library/Frameworks/_AuthenticationServices_SwiftUI.framework/Versions/A/_AuthenticationServices_SwiftUI
0x00000001bef95000 	/System/Library/PrivateFrameworks/AppStoreDaemon.framework/Versions/A/AppStoreDaemon
0x00000001aa4db000 	/System/Library/PrivateFrameworks/AppleMediaServices.framework/Versions/A/AppleMediaServices
0x00000001bb1a8000 	/System/Library/PrivateFrameworks/AppleMediaServicesUI.framework/Versions/A/AppleMediaServicesUI
0x00000001ee9af000 	/System/Library/PrivateFrameworks/JetEngine.framework/Versions/A/JetEngine
0x00000001b88e3000 	/System/Library/PrivateFrameworks/OnBoardingKit.framework/Versions/A/OnBoardingKit
0x00000002722f3000 	/System/Library/PrivateFrameworks/Settings.framework/Versions/A/Settings
0x0000000232418000 	/System/Library/Frameworks/ExtensionKit.framework/Versions/A/ExtensionKit
0x000000023245b000 	/System/Library/Frameworks/FSKit.framework/Versions/A/FSKit
0x000000027ce78000 	/System/Library/PrivateFrameworks/TextAnimationSupport.framework/Versions/A/TextAnimationSupport
0x000000026f420000 	/System/Library/PrivateFrameworks/RecapPerformanceTesting.framework/Versions/A/RecapPerformanceTesting
0x00000001b88d3000 	/System/Library/PrivateFrameworks/SignpostCollection.framework/Versions/A/SignpostCollection
0x00000001a9e5d000 	/System/Library/Frameworks/WebKit.framework/Versions/A/Frameworks/WebKitLegacy.framework/Versions/A/WebKitLegacy
0x00000001a7c45000 	/System/Library/PrivateFrameworks/CorePrediction.framework/Versions/A/CorePrediction
0x000000019649b000 	/System/Library/Frameworks/WebKit.framework/Versions/A/Frameworks/WebCore.framework/Versions/A/Frameworks/libwebrtc.dylib
0x000000019edae000 	/System/Library/Frameworks/SecurityInterface.framework/Versions/A/SecurityInterface
0x00000001b88e2000 	/System/Library/PrivateFrameworks/WebInspectorUI.framework/Versions/A/WebInspectorUI
0x00000001acb8d000 	/System/Library/Frameworks/JavaScriptCore.framework/Versions/A/JavaScriptCore
0x00000001b0eb2000 	/System/Library/Frameworks/WebKit.framework/Versions/A/Frameworks/WebCore.framework/Versions/A/WebCore
0x000000023151a000 	/System/Library/Frameworks/BrowserEngineCore.framework/Versions/A/BrowserEngineCore
0x00000002392d5000 	/System/Library/Frameworks/WebKit.framework/Versions/A/Frameworks/WebCore.framework/Versions/A/Frameworks/libANGLE-shared.dylib
0x00000002864cd000 	/System/Library/PrivateFrameworks/WebGPU.framework/Versions/A/WebGPU
0x00000001ba823000 	/System/Library/Frameworks/SceneKit.framework/Versions/A/SceneKit
0x00000001cc164000 	/System/Library/Frameworks/ModelIO.framework/Versions/A/ModelIO
0x00000001a0d91000 	/System/Library/Frameworks/MetalKit.framework/Versions/A/MetalKit
0x00000001a30d5000 	/System/Library/Frameworks/GLKit.framework/Versions/A/GLKit
0x000000028fbd8000 	/usr/lib/usd/libusd_ms.dylib
0x0000000281689000 	/System/Library/PrivateFrameworks/USDLib_FormatLoaderProxy.framework/Versions/A/USDLib_FormatLoaderProxy
0x000000028f880000 	/usr/lib/swift/libswift_errno.dylib
0x00000001b7a46000 	/System/Library/PrivateFrameworks/CoreOptimization.framework/Versions/A/CoreOptimization
0x000000023febd000 	/System/Library/PrivateFrameworks/AuthenticationServicesCore.framework/Versions/A/AuthenticationServicesCore
0x00000001c23c7000 	/System/Library/Frameworks/AuthenticationServices.framework/Versions/A/AuthenticationServices
0x000000019c353000 	/System/Library/PrivateFrameworks/SharedWebCredentials.framework/Versions/A/SharedWebCredentials
0x00000001b97ad000 	/System/Library/PrivateFrameworks/SafariCore.framework/Versions/A/SafariCore
0x00000001c1ed8000 	/System/Library/PrivateFrameworks/SafariFoundation.framework/Versions/A/SafariFoundation
0x0000000241210000 	/System/Library/PrivateFrameworks/CBORLibrary.framework/Versions/A/CBORLibrary
0x0000000242272000 	/System/Library/PrivateFrameworks/Chirp.framework/Versions/A/Chirp
0x0000000242ec6000 	/System/Library/PrivateFrameworks/CloudSubscriptionFeatures.framework/Versions/A/CloudSubscriptionFeatures
0x00000001efdf0000 	/System/Library/PrivateFrameworks/RemoteManagement.framework/Versions/A/RemoteManagement
0x000000026f80f000 	/System/Library/PrivateFrameworks/RemoteManagementModel.framework/Versions/A/RemoteManagementModel
0x000000026f8a0000 	/System/Library/PrivateFrameworks/RemoteManagementStore.framework/Versions/A/RemoteManagementStore
0x00000001a0db0000 	/usr/lib/libxcselect.dylib
0x00000001c1e47000 	/System/Library/PrivateFrameworks/DifferentialPrivacy.framework/Versions/A/DifferentialPrivacy
0x0000000262830000 	/System/Library/PrivateFrameworks/ManagedSettingsObjC.framework/Versions/A/ManagedSettingsObjC
0x00000001a9034000 	/System/Library/PrivateFrameworks/ConfigurationProfiles.framework/Versions/A/ConfigurationProfiles
0x000000025e886000 	/System/Library/PrivateFrameworks/LockdownMode.framework/Versions/A/LockdownMode
0x000000028234b000 	/System/Library/PrivateFrameworks/VDAF.framework/Versions/A/VDAF
0x00000001a34bc000 	/System/Library/PrivateFrameworks/SystemAdministration.framework/Versions/A/SystemAdministration
0x00000001ae684000 	/System/Library/PrivateFrameworks/PowerlogControl.framework/Versions/A/PowerlogControl
0x00000001ae686000 	/usr/lib/libUniversalAccess.dylib
0x00000001aafab000 	/System/Library/PrivateFrameworks/FamilyControls.framework/Versions/A/FamilyControls
0x00000001a2d9b000 	/System/Library/Frameworks/DirectoryService.framework/Versions/A/DirectoryService
0x00000001a7589000 	/System/Library/PrivateFrameworks/LoginUIKit.framework/Versions/A/Frameworks/LoginUICore.framework/Versions/A/LoginUICore
0x000000019ca20000 	/usr/lib/libodfde.dylib
0x00000001aafa5000 	/System/Library/PrivateFrameworks/UniversalAccess.framework/Versions/A/Libraries/libUAPreferences.dylib
0x00000001aafcd000 	/System/Library/PrivateFrameworks/CommerceKit.framework/Versions/A/Frameworks/CommerceCore.framework/Versions/A/CommerceCore
0x000000019ede8000 	/System/Library/PrivateFrameworks/CoreFollowUp.framework/Versions/A/CoreFollowUp
0x000000024a243000 	/System/Library/PrivateFrameworks/DMCUtilities.framework/Versions/A/DMCUtilities
0x000000025e915000 	/System/Library/PrivateFrameworks/MDMClientLibrary.framework/Versions/A/MDMClientLibrary
0x000000026f894000 	/System/Library/PrivateFrameworks/RemoteManagementProtocol.framework/Versions/A/RemoteManagementProtocol
0x000000024a1a5000 	/System/Library/PrivateFrameworks/DEPClientLibrary.framework/Versions/A/DEPClientLibrary
0x000000024a1d2000 	/System/Library/PrivateFrameworks/DMCEnrollmentLibrary.framework/Versions/A/DMCEnrollmentLibrary
0x00000001ae76b000 	/System/Library/PrivateFrameworks/SetupAssistantFramework.framework/Versions/A/SetupAssistantFramework
0x00000001a7c9b000 	/System/Library/PrivateFrameworks/AuthKitUI.framework/Versions/A/AuthKitUI
0x00000001a75d3000 	/System/Library/PrivateFrameworks/AppSSO.framework/Versions/A/AppSSO
0x00000001bece8000 	/System/Library/PrivateFrameworks/LocalAuthenticationUI.framework/Versions/A/LocalAuthenticationUI
0x000000026cda9000 	/System/Library/PrivateFrameworks/PlatformSSO.framework/Versions/A/PlatformSSO
0x000000026ce97000 	/System/Library/PrivateFrameworks/PlatformSSOCore.framework/Versions/A/PlatformSSOCore
0x000000023370f000 	/System/Library/Frameworks/LocalAuthenticationEmbeddedUI.framework/Versions/A/LocalAuthenticationEmbeddedUI
0x00000001bf7e0000 	/System/Library/PrivateFrameworks/AOSUI.framework/Versions/A/AOSUI
0x00000001b04e4000 	/System/Library/Frameworks/ContactsUI.framework/Versions/A/ContactsUI
0x00000001a411b000 	/System/Library/PrivateFrameworks/FamilyCircle.framework/Versions/A/FamilyCircle
0x00000001cda33000 	/System/Library/Frameworks/LinkPresentation.framework/Versions/A/LinkPresentation
0x00000001b0064000 	/System/Library/PrivateFrameworks/IASUtilities.framework/Versions/A/IASUtilities
0x0000000259307000 	/System/Library/PrivateFrameworks/IASUtilitiesCore.framework/Versions/A/IASUtilitiesCore
0x000000026f909000 	/System/Library/PrivateFrameworks/RemoteUI.framework/Versions/A/RemoteUI
0x000000025db99000 	/System/Library/PrivateFrameworks/LiftUI.framework/Versions/A/LiftUI
0x00000002882a8000 	/System/Library/PrivateFrameworks/_IconServices_SwiftUI.framework/Versions/A/_IconServices_SwiftUI
0x0000000242dfc000 	/System/Library/PrivateFrameworks/CloudSettings.framework/Versions/A/CloudSettings
0x00000001a9c28000 	/System/Library/Frameworks/EventKit.framework/Versions/A/EventKit
0x00000001b8afc000 	/System/Library/PrivateFrameworks/SearchFoundation.framework/Versions/A/SearchFoundation
0x00000001cfb9a000 	/System/Library/PrivateFrameworks/Email.framework/Versions/A/Email
0x00000001b7655000 	/System/Library/PrivateFrameworks/CoreRoutine.framework/Versions/A/CoreRoutine
0x00000001ef749000 	/System/Library/PrivateFrameworks/VoiceShortcutClient.framework/Versions/A/VoiceShortcutClient
0x00000001c75de000 	/System/Library/PrivateFrameworks/Categories.framework/Versions/A/Categories
0x00000001bf684000 	/System/Library/PrivateFrameworks/ChronoServices.framework/Versions/A/ChronoServices
0x0000000241ca9000 	/System/Library/PrivateFrameworks/CalendarDatabase.framework/Versions/A/CalendarDatabase
0x0000000241bea000 	/System/Library/PrivateFrameworks/CalendarDaemon.framework/Versions/A/CalendarDaemon
0x00000001a8f6f000 	/System/Library/PrivateFrameworks/CalendarFoundation.framework/Versions/A/CalendarFoundation
0x00000001a8f2a000 	/System/Library/PrivateFrameworks/iCalendar.framework/Versions/A/iCalendar
0x000000024a448000 	/System/Library/PrivateFrameworks/DataAccessExpress.framework/Versions/A/DataAccessExpress
0x00000001b064c000 	/System/Library/PrivateFrameworks/ContactsAutocomplete.framework/Versions/A/ContactsAutocomplete
0x00000001bf5d0000 	/System/Library/PrivateFrameworks/FTClientServices.framework/Versions/A/FTClientServices
0x000000027b8b9000 	/System/Library/PrivateFrameworks/StorageContainersPrivate.framework/Versions/A/StorageContainersPrivate
0x000000028f50f000 	/usr/lib/swift/libswiftCoreMediaIO.dylib
0x00000001afee5000 	/System/Library/PrivateFrameworks/CoreDAV.framework/Versions/A/CoreDAV
0x00000001a9af2000 	/System/Library/PrivateFrameworks/CalDAV.framework/Versions/A/CalDAV
0x00000001b4be6000 	/System/Library/PrivateFrameworks/TelephonyUtilities.framework/Versions/A/TelephonyUtilities
0x00000002336cb000 	/System/Library/Frameworks/LiveCommunicationKit.framework/Versions/A/LiveCommunicationKit
0x0000000243721000 	/System/Library/PrivateFrameworks/CommunicationTrust.framework/Versions/A/CommunicationTrust
0x00000001b95bc000 	/System/Library/Frameworks/CallKit.framework/Versions/A/CallKit
0x00000001a4114000 	/System/Library/PrivateFrameworks/CommunicationsFilter.framework/Versions/A/CommunicationsFilter
0x00000001e43a6000 	/System/Library/PrivateFrameworks/IMTransferServices.framework/Versions/A/IMTransferServices
0x00000001b7a5f000 	/System/Library/PrivateFrameworks/IncomingCallFilter.framework/Versions/A/IncomingCallFilter
0x0000000267b61000 	/System/Library/PrivateFrameworks/NeighborhoodActivityConduit.framework/Versions/A/NeighborhoodActivityConduit
0x00000001bbb6f000 	/System/Library/PrivateFrameworks/CallHistory.framework/Versions/A/CallHistory
0x000000028dab1000 	/usr/lib/libBASupport.dylib
0x00000002420f0000 	/System/Library/PrivateFrameworks/CallsUtilities.framework/Versions/A/CallsUtilities
0x00000002420fc000 	/System/Library/PrivateFrameworks/CallsXPC.framework/Versions/A/CallsXPC
0x00000001eff5b000 	/usr/lib/swift/libswiftCallKit.dylib
0x00000002420e2000 	/System/Library/PrivateFrameworks/CallsPersistence.framework/Versions/A/CallsPersistence
0x00000002372e2000 	/System/Library/Frameworks/SensitiveContentAnalysis.framework/Versions/A/SensitiveContentAnalysis
0x00000001bcbed000 	/System/Library/PrivateFrameworks/PeopleSuggester.framework/Versions/A/PeopleSuggester
0x00000001c6358000 	/System/Library/PrivateFrameworks/SpotlightReceiver.framework/Versions/A/SpotlightReceiver
0x0000000288268000 	/System/Library/PrivateFrameworks/_AppIntentsServices_AppIntents.framework/Versions/A/_AppIntentsServices_AppIntents
0x000000023ce2f000 	/System/Library/PrivateFrameworks/AppIntentsServices.framework/Versions/A/AppIntentsServices
0x00000001a8f13000 	/System/Library/PrivateFrameworks/CoreRecents.framework/Versions/A/CoreRecents
0x00000002397df000 	/System/Library/Frameworks/_GeoToolbox_AppIntents.framework/Versions/A/_GeoToolbox_AppIntents
0x00000001d9a30000 	/System/Library/PrivateFrameworks/DiagnosticRequest.framework/Versions/A/DiagnosticRequest
0x000000026f4d1000 	/System/Library/PrivateFrameworks/RegulatoryDomain.framework/Versions/A/RegulatoryDomain
0x00000001a31ae000 	/usr/lib/libCTGreenTeaLogger.dylib
0x000000025e859000 	/System/Library/PrivateFrameworks/LocalStatusKit.framework/Versions/A/LocalStatusKit
0x00000001b4acd000 	/System/Library/PrivateFrameworks/CoreParsec.framework/Versions/A/CoreParsec
0x00000001cfb8e000 	/System/Library/PrivateFrameworks/EmailAddressing.framework/Versions/A/EmailAddressing
0x00000001cb96d000 	/System/Library/PrivateFrameworks/EmailCore.framework/Versions/A/EmailCore
0x00000001cca62000 	/System/Library/PrivateFrameworks/EmailFoundation.framework/Versions/A/EmailFoundation
0x000000026a67f000 	/System/Library/PrivateFrameworks/PegasusAPI.framework/Versions/A/PegasusAPI
0x000000026b43b000 	/System/Library/PrivateFrameworks/PegasusConfiguration.framework/Versions/A/PegasusConfiguration
0x000000027fab6000 	/System/Library/PrivateFrameworks/ToolKit.framework/Versions/A/ToolKit
0x000000026fcc3000 	/System/Library/PrivateFrameworks/ReplicatorEngine.framework/Versions/A/ReplicatorEngine
0x000000026fe7e000 	/System/Library/PrivateFrameworks/ReplicatorServices.framework/Versions/A/ReplicatorServices
0x000000027c73c000 	/System/Library/PrivateFrameworks/SystemWake.framework/Versions/A/SystemWake
0x00000001b9793000 	/System/Library/PrivateFrameworks/ContextKit.framework/Versions/A/ContextKit
0x0000000243cbf000 	/System/Library/PrivateFrameworks/ContextKitCore.framework/Versions/A/ContextKitCore
0x00000001b7cf6000 	/System/Library/Frameworks/LocalAuthentication.framework/Support/DaemonUtils.framework/Versions/A/DaemonUtils
0x000000025e7bb000 	/System/Library/PrivateFrameworks/LocalAuthenticationCoreUI.framework/Versions/A/LocalAuthenticationCoreUI
0x00000001bb16e000 	/System/Library/PrivateFrameworks/BridgeXPC.framework/Versions/A/BridgeXPC
0x00000001b89c3000 	/System/Library/PrivateFrameworks/CoreKDL.framework/Versions/A/CoreKDL
0x00000001b6fe9000 	/System/Library/PrivateFrameworks/EmbeddedOSSupportHost.framework/Versions/A/EmbeddedOSSupportHost
0x00000001abb07000 	/System/Library/PrivateFrameworks/LoginUIKit.framework/Versions/A/LoginUIKit
0x00000001c7ade000 	/System/Library/PrivateFrameworks/StorageKit.framework/Versions/A/StorageKit
0x000000022ec1e000 	/System/Library/Frameworks/DeviceCheck.framework/Versions/A/DeviceCheck
0x000000024ae50000 	/System/Library/PrivateFrameworks/DiskImages2.framework/Versions/A/DiskImages2
0x00000001c7b58000 	/System/Library/PrivateFrameworks/CoreWLANKit.framework/Versions/A/CoreWLANKit
0x0000000285823000 	/System/Library/PrivateFrameworks/Wallpaper.framework/Versions/A/Wallpaper
0x000000028f52a000 	/usr/lib/swift/libswiftGLKit.dylib
0x000000028f536000 	/usr/lib/swift/libswiftMetalKit.dylib
0x000000028f538000 	/usr/lib/swift/libswiftModelIO.dylib
0x000000028f5fb000 	/usr/lib/swift/libswiftSceneKit.dylib
0x00000001d0b16000 	/System/Library/PrivateFrameworks/DynamicDesktop.framework/Versions/A/DynamicDesktop
0x00000002859b6000 	/System/Library/PrivateFrameworks/WallpaperFoundation.framework/Versions/A/WallpaperFoundation
0x0000000285a15000 	/System/Library/PrivateFrameworks/WallpaperTypes.framework/Versions/A/WallpaperTypes
0x00000001e619c000 	/System/Library/PrivateFrameworks/SystemDesktopAppearance.framework/Versions/A/SystemDesktopAppearance
0x000000028b379000 	/System/Library/PrivateFrameworks/icloudMCCKit.framework/Versions/A/icloudMCCKit
0x000000023e17b000 	/System/Library/PrivateFrameworks/AppleAccountUI.framework/Versions/A/AppleAccountUI
0x00000001da056000 	/System/Library/PrivateFrameworks/PreferencePanesSupport.framework/Versions/A/PreferencePanesSupport
0x00000001bf98e000 	/System/Library/PrivateFrameworks/FindMyDeviceUI.framework/Versions/A/FindMyDeviceUI
0x0000000288f50000 	/System/Library/PrivateFrameworks/iCloudQuotaUI.framework/Versions/A/iCloudQuotaUI
0x00000001da207000 	/System/Library/PrivateFrameworks/CoreCDPUI.framework/Versions/A/CoreCDPUI
0x00000001b94ec000 	/System/Library/PrivateFrameworks/CoreFollowUpUI.framework/Versions/A/CoreFollowUpUI
0x00000001c65dc000 	/System/Library/PrivateFrameworks/IMCore.framework/Versions/A/IMCore
0x00000001ae6eb000 	/System/Library/PrivateFrameworks/CoreCDP.framework/Versions/A/CoreCDP
0x00000001aa4c6000 	/System/Library/PrivateFrameworks/AskPermission.framework/Versions/A/AskPermission
0x00000001bd30d000 	/System/Library/Frameworks/Quartz.framework/Versions/A/Quartz
0x00000001ca043000 	/System/Library/PrivateFrameworks/CloudPhotoServicesConfiguration.framework/Versions/A/CloudPhotoServicesConfiguration
0x00000001bb98f000 	/System/Library/PrivateFrameworks/CommerceKit.framework/Versions/A/CommerceKit
0x00000001cba3f000 	/System/Library/PrivateFrameworks/FindMyMac.framework/Versions/A/FindMyMac
0x00000001cb90f000 	/System/Library/Frameworks/PreferencePanes.framework/Versions/A/PreferencePanes
0x00000001bedd6000 	/System/Library/Frameworks/AddressBook.framework/Versions/A/AddressBook
0x00000001a9359000 	/System/Library/PrivateFrameworks/AOSAccounts.framework/Versions/A/AOSAccounts
0x00000001a34b6000 	/System/Library/PrivateFrameworks/AppleSRP.framework/Versions/A/AppleSRP
0x00000001a7e86000 	/System/Library/PrivateFrameworks/NetFSServer.framework/Versions/A/NetFSServer
0x00000001ba6fa000 	/System/Library/Frameworks/PDFKit.framework/Versions/A/PDFKit
0x000000028f54e000 	/usr/lib/swift/libswiftPassKit.dylib
0x00000001de2e6000 	/System/Library/Frameworks/PassKit.framework/Versions/A/PassKit
0x00000001abc16000 	/System/Library/PrivateFrameworks/PassKitCore.framework/Versions/A/PassKitCore
0x0000000269f98000 	/System/Library/PrivateFrameworks/PassKitMacHelperTemp.framework/Versions/A/PassKitMacHelperTemp
0x000000028da0c000 	/usr/lib/libAppleSSE.dylib
0x00000001b7d3e000 	/System/Library/PrivateFrameworks/BiometricKit.framework/Versions/A/BiometricKit
0x00000002704dc000 	/System/Library/PrivateFrameworks/SEService.framework/Versions/A/SEService
0x0000000232525000 	/System/Library/Frameworks/FinanceKit.framework/Versions/A/FinanceKit
0x00000001bd3b9000 	/System/Library/PrivateFrameworks/NearField.framework/Versions/A/NearField
0x0000000270453000 	/System/Library/PrivateFrameworks/SESShared.framework/Versions/A/SESShared
0x0000000270745000 	/System/Library/PrivateFrameworks/STSXPCHelperClient.framework/Versions/A/STSXPCHelperClient
0x00000001bf1f0000 	/usr/lib/libnfshared.dylib
0x000000027c4bc000 	/System/Library/PrivateFrameworks/Symptoms.framework/Versions/A/Frameworks/SymptomPresentationFeed.framework/Versions/A/SymptomPresentationFeed
0x000000023ec53000 	/System/Library/PrivateFrameworks/AppleMediaServicesKitInternal.framework/Versions/A/AppleMediaServicesKitInternal
0x000000027c1f7000 	/System/Library/PrivateFrameworks/SymptomShared.framework/Versions/A/SymptomShared
0x00000001e122a000 	/System/Library/PrivateFrameworks/PassKitUIFoundation.framework/Versions/A/PassKitUIFoundation
0x00000001a2dd9000 	/System/Library/Frameworks/MapKit.framework/Versions/A/MapKit
0x0000000256023000 	/System/Library/PrivateFrameworks/GeoAnalytics.framework/Versions/A/GeoAnalytics
0x00000001bf21e000 	/System/Library/PrivateFrameworks/Navigation.framework/Versions/A/Navigation
0x00000001c90c4000 	/System/Library/PrivateFrameworks/VectorKit.framework/Versions/A/VectorKit
0x00000001b012d000 	/System/Library/PrivateFrameworks/VirtualGarage.framework/Versions/A/VirtualGarage
0x00000001bf41b000 	/System/Library/Frameworks/ExternalAccessory.framework/ExternalAccessory
0x00000001bf436000 	/System/Library/PrivateFrameworks/IAP.framework/Versions/A/IAP
0x00000001a309b000 	/System/Library/PrivateFrameworks/IOPlatformPluginFamily.framework/Versions/A/IOPlatformPluginFamily
0x0000000240013000 	/System/Library/PrivateFrameworks/AvatarKit.framework/Versions/A/AvatarKit
0x00000002400d2000 	/System/Library/PrivateFrameworks/AvatarPersistence.framework/Versions/A/AvatarPersistence
0x0000000238c4f000 	/System/Library/Frameworks/TipKit.framework/Versions/A/TipKit
0x00000001ab6cd000 	/System/Library/PrivateFrameworks/IMSharedUtilities.framework/Versions/A/IMSharedUtilities
0x000000028f4ef000 	/usr/lib/swift/libswiftAppleArchive.dylib
0x0000000282447000 	/System/Library/PrivateFrameworks/VFX.framework/Versions/A/VFX
0x00000001dbe84000 	/System/Library/PrivateFrameworks/AppleCVA.framework/Versions/A/AppleCVA
0x00000002400d1000 	/System/Library/PrivateFrameworks/AvatarKitContent.framework/Versions/A/AvatarKitContent
0x0000000234478000 	/System/Library/Frameworks/MetalFX.framework/Versions/A/MetalFX
0x0000000243838000 	/System/Library/PrivateFrameworks/CompositorNonUI.framework/Versions/A/CompositorNonUI
0x0000000230794000 	/System/Library/Frameworks/ARKit.framework/Versions/A/ARKit
0x000000023b47a000 	/System/Library/PrivateFrameworks/ARKitCore.framework/Versions/A/ARKitCore
0x000000028dafd000 	/usr/lib/libDisplayWarpSupport.dylib
0x0000000245b0a000 	/System/Library/PrivateFrameworks/CoreComposite.framework/Versions/A/CoreComposite
0x000000028e4cc000 	/usr/lib/libchannel.dylib
0x000000028f148000 	/usr/lib/librealtime_safety.dylib
0x000000023b506000 	/System/Library/PrivateFrameworks/ARKitFoundation.framework/Versions/A/ARKitFoundation
0x000000023e217000 	/System/Library/PrivateFrameworks/AppleDepth.framework/Versions/A/AppleDepth
0x000000023e394000 	/System/Library/PrivateFrameworks/AppleDepthCore.framework/Versions/A/AppleDepthCore
0x00000001a31d6000 	/System/Library/PrivateFrameworks/CoreAppleCVA.framework/Versions/A/CoreAppleCVA
0x00000001b0263000 	/System/Library/PrivateFrameworks/ContactsUICore.framework/Versions/A/ContactsUICore
0x00000001b7b6a000 	/System/Library/PrivateFrameworks/ContactsDonation.framework/Versions/A/ContactsDonation
0x00000001b7426000 	/System/Library/PrivateFrameworks/DataDetectors.framework/Versions/A/DataDetectors
0x00000001a9ade000 	/System/Library/Frameworks/MediaLibrary.framework/Versions/A/MediaLibrary
0x00000001a4103000 	/System/Library/PrivateFrameworks/PersonaKit.framework/Versions/A/PersonaKit
0x00000001b0250000 	/System/Library/PrivateFrameworks/PersonaUI.framework/Versions/A/PersonaUI
0x00000001cb325000 	/System/Library/PrivateFrameworks/Transparency.framework/Versions/A/Transparency
0x000000024c9af000 	/System/Library/PrivateFrameworks/FindMyLocate.framework/Versions/A/FindMyLocate
0x00000001b9469000 	/System/Library/PrivateFrameworks/IntlPreferences.framework/Versions/A/IntlPreferences
0x0000000249b68000 	/System/Library/PrivateFrameworks/CoreTransparency.framework/Versions/A/CoreTransparency
0x000000024c883000 	/System/Library/PrivateFrameworks/FindMyCommon.framework/Versions/A/FindMyCommon
0x000000024c656000 	/System/Library/PrivateFrameworks/FindMyBase.framework/Versions/A/FindMyBase
0x0000000235f0d000 	/System/Library/Frameworks/NearbyInteraction.framework/Versions/A/NearbyInteraction
0x00000001a3cf2000 	/System/Library/PrivateFrameworks/AddressBookCore.framework/Versions/A/AddressBookCore
0x00000001bef73000 	/System/Library/PrivateFrameworks/ToneKit.framework/Versions/A/ToneKit
0x00000001b94b0000 	/System/Library/PrivateFrameworks/ToneLibrary.framework/Versions/A/ToneLibrary
0x0000000243b41000 	/System/Library/PrivateFrameworks/ContactsAccounts.framework/Versions/A/ContactsAccounts
0x00000001bd224000 	/System/Library/PrivateFrameworks/Lookup.framework/Versions/A/Lookup
0x000000023682e000 	/System/Library/Frameworks/QuickLookUI.framework/Versions/A/QuickLookUI
0x000000023725b000 	/System/Library/Frameworks/ScreenCaptureKit.framework/Versions/A/ScreenCaptureKit
0x00000001ba219000 	/System/Library/Frameworks/Quartz.framework/Versions/A/Frameworks/QuartzComposer.framework/Versions/A/QuartzComposer
0x00000001b9440000 	/System/Library/Frameworks/Quartz.framework/Versions/A/Frameworks/QuartzFilters.framework/Versions/A/QuartzFilters
0x00000001b84c7000 	/System/Library/Frameworks/Quartz.framework/Versions/A/Frameworks/ImageKit.framework/Versions/A/ImageKit
0x0000000230595000 	/System/Library/Frameworks/OpenCL.framework/Versions/A/OpenCL
0x00000001b69c3000 	/System/Library/PrivateFrameworks/CorePDF.framework/Versions/A/CorePDF
0x00000001a0d2a000 	/System/Library/Frameworks/QuickLook.framework/Versions/A/QuickLook
0x00000001abb02000 	/System/Library/PrivateFrameworks/DisplayServices.framework/Versions/A/DisplayServices
0x00000001b93c4000 	/System/Library/Frameworks/ImageCaptureCore.framework/Versions/A/ImageCaptureCore
0x0000000284365000 	/System/Library/PrivateFrameworks/VisionKitCore.framework/Versions/A/VisionKitCore
0x00000001b4a9d000 	/System/Library/PrivateFrameworks/QuickLookSupport.framework/Versions/A/QuickLookSupport
0x0000000263125000 	/System/Library/PrivateFrameworks/MediaAnalysisServices.framework/Versions/A/MediaAnalysisServices
0x00000001bc1ad000 	/System/Library/PrivateFrameworks/PhotoLibraryServices.framework/Versions/A/PhotoLibraryServices
0x00000001b8fd5000 	/System/Library/Frameworks/Photos.framework/Versions/A/Photos
0x00000001cde33000 	/System/Library/PrivateFrameworks/PhotosFormats.framework/Versions/A/PhotosFormats
0x00000002834a0000 	/System/Library/PrivateFrameworks/VectorSearch.framework/Versions/A/VectorSearch
0x00000001ca06f000 	/System/Library/PrivateFrameworks/CloudPhotoLibrary.framework/Versions/A/CloudPhotoLibrary
0x00000001d38cd000 	/System/Library/PrivateFrameworks/CloudPhotoServices.framework/Versions/A/CloudPhotoServices
0x00000001cfd11000 	/System/Library/PrivateFrameworks/CoreMediaStream.framework/Versions/A/CoreMediaStream
0x00000001a47d2000 	/System/Library/PrivateFrameworks/CPAnalytics.framework/Versions/A/CPAnalytics
0x00000001cc09b000 	/System/Library/PrivateFrameworks/MediaConversionService.framework/Versions/A/MediaConversionService
0x00000001ab6b9000 	/System/Library/PrivateFrameworks/PhotoFoundation.framework/Versions/A/PhotoFoundation
0x000000026ba67000 	/System/Library/PrivateFrameworks/PhotoLibraryServicesCore.framework/Versions/A/PhotoLibraryServicesCore
0x00000001c5cc3000 	/System/Library/PrivateFrameworks/MMCS.framework/Versions/A/MMCS
0x00000001a9939000 	/System/Library/PrivateFrameworks/ChunkingLibrary.framework/Versions/A/ChunkingLibrary
0x00000001a3483000 	/System/Library/PrivateFrameworks/AssetCacheServices.framework/Versions/A/AssetCacheServices
0x00000001a547e000 	/System/Library/PrivateFrameworks/AVFoundationCF.framework/Versions/A/AVFoundationCF
0x00000001e429d000 	/usr/lib/swift/libswiftDemangle.dylib
0x00000002594f6000 	/System/Library/PrivateFrameworks/ImageCaptureDevices.framework/Versions/A/ImageCaptureDevices
0x00000001b76eb000 	/System/Library/PrivateFrameworks/MediaStream.framework/Versions/A/MediaStream
0x00000001cc589000 	/System/Library/PrivateFrameworks/NeutrinoCore.framework/Versions/A/NeutrinoCore
0x00000001926b4000 	/System/Library/PrivateFrameworks/NLP.framework/Versions/A/NLP
0x00000001d2622000 	/System/Library/PrivateFrameworks/PhotoImaging.framework/Versions/A/PhotoImaging
0x00000001d388e000 	/System/Library/PrivateFrameworks/PhotosImagingFoundation.framework/Versions/A/PhotosImagingFoundation
0x000000026c614000 	/System/Library/PrivateFrameworks/PhotosIntelligenceCore.framework/Versions/A/PhotosIntelligenceCore
0x00000001a5916000 	/System/Library/PrivateFrameworks/EmbeddedAcousticRecognition.framework/Versions/A/EmbeddedAcousticRecognition
0x00000001c11a6000 	/System/Library/PrivateFrameworks/EmojiFoundation.framework/Versions/A/EmojiFoundation
0x00000001ca2e9000 	/System/Library/PrivateFrameworks/SDAPI.framework/Versions/A/SDAPI
0x000000025d260000 	/System/Library/PrivateFrameworks/IsolatedContextLogging.framework/Versions/A/IsolatedContextLogging
0x00000001d38dc000 	/System/Library/PrivateFrameworks/AutoLoop.framework/Versions/A/AutoLoop
0x000000026d23a000 	/System/Library/PrivateFrameworks/Portrait.framework/Versions/A/Portrait
0x000000024d0d4000 	/System/Library/PrivateFrameworks/FusionTracker.framework/Versions/A/FusionTracker
0x00000001b9c9c000 	/System/Library/PrivateFrameworks/iTunesCloud.framework/Versions/A/iTunesCloud
0x00000001c30d0000 	/System/Library/PrivateFrameworks/DAAPKit.framework/Versions/A/DAAPKit
0x00000001b4e37000 	/System/Library/PrivateFrameworks/DeviceManagement.framework/Versions/A/DeviceManagement
0x00000001d9982000 	/System/Library/PrivateFrameworks/ScreenTimeUI.framework/Versions/A/ScreenTimeUI
0x00000001b7420000 	/System/Library/PrivateFrameworks/QuickLookNonBaseSystem.framework/Versions/A/QuickLookNonBaseSystem
0x00000001b7c41000 	/System/Library/PrivateFrameworks/Catalyst.framework/Versions/A/Catalyst
0x00000001b9664000 	/System/Library/PrivateFrameworks/ScreenTimeCore.framework/Versions/A/ScreenTimeCore
0x00000001cd290000 	/System/Library/PrivateFrameworks/ScreenTimeServiceUI.framework/Versions/A/ScreenTimeServiceUI
0x00000001c5e55000 	/System/Library/PrivateFrameworks/ConfigurationEngineModel.framework/Versions/A/ConfigurationEngineModel
0x00000001c907e000 	/System/Library/PrivateFrameworks/UsageTracking.framework/Versions/A/UsageTracking
0x0000000232172000 	/System/Library/Frameworks/DeviceActivity.framework/Versions/A/DeviceActivity
0x00000001c904d000 	/System/Library/PrivateFrameworks/KnowledgeMonitor.framework/Versions/A/KnowledgeMonitor
0x00000001e11d0000 	/System/Library/PrivateFrameworks/BluetoothManager.framework/Versions/A/BluetoothManager
0x0000000233802000 	/System/Library/Frameworks/ManagedSettings.framework/Versions/A/ManagedSettings
0x0000000262875000 	/System/Library/PrivateFrameworks/ManagedSettingsSupport.framework/Versions/A/ManagedSettingsSupport
0x00000001de3b7000 	/System/Library/Frameworks/ReplayKit.framework/Versions/A/ReplayKit
0x00000001acb1f000 	/System/Library/PrivateFrameworks/MarkupUI.framework/Versions/A/MarkupUI
0x00000001b73f7000 	/System/Library/PrivateFrameworks/SidecarCore.framework/Versions/A/SidecarCore
0x00000001ba0cd000 	/System/Library/PrivateFrameworks/AnnotationKit.framework/Versions/A/AnnotationKit
0x00000001b86fa000 	/System/Library/Frameworks/PencilKit.framework/Versions/A/PencilKit
0x00000001b88be000 	/System/Library/PrivateFrameworks/SidecarUI.framework/Versions/A/SidecarUI
0x00000001b8065000 	/System/Library/PrivateFrameworks/CoreHandwriting.framework/Versions/A/CoreHandwriting
0x000000018c29e000 	/usr/lib/libmecabra.dylib
0x00000001b085e000 	/System/Library/PrivateFrameworks/Calculate.framework/Versions/A/Calculate
0x000000019c105000 	/usr/lib/libChineseTokenizer.dylib
0x00000001efd15000 	/System/Library/PrivateFrameworks/ScreenReaderCore.framework/Versions/A/ScreenReaderCore
0x000000027b84b000 	/System/Library/PrivateFrameworks/StocksKit.framework/Versions/A/StocksKit
0x00000001af805000 	/System/Library/PrivateFrameworks/OAuth.framework/Versions/A/OAuth
0x000000027b541000 	/System/Library/PrivateFrameworks/StocksCore.framework/Versions/A/StocksCore
0x000000027ca52000 	/System/Library/PrivateFrameworks/TeaFoundation.framework/Versions/A/TeaFoundation
0x000000027cc39000 	/System/Library/PrivateFrameworks/TeaSettings.framework/Versions/A/TeaSettings
0x00000001e59b9000 	/System/Library/PrivateFrameworks/NewsCore.framework/Versions/A/NewsCore
0x000000027c9ef000 	/System/Library/PrivateFrameworks/TeaDB.framework/Versions/A/TeaDB
0x00000001e2348000 	/System/Library/PrivateFrameworks/RemoteConfiguration.framework/Versions/A/RemoteConfiguration
0x00000001e55a0000 	/System/Library/PrivateFrameworks/NewsTransport.framework/Versions/A/NewsTransport
0x00000001e59a9000 	/System/Library/PrivateFrameworks/NewsFoundation.framework/Versions/A/NewsFoundation
0x0000000268168000 	/System/Library/PrivateFrameworks/NewsURLBucket.framework/Versions/A/NewsURLBucket
0x00000001bbdac000 	/System/Library/PrivateFrameworks/MobileInstallation.framework/Versions/A/MobileInstallation
0x0000000238db8000 	/System/Library/Frameworks/Translation.framework/Versions/A/Translation
0x00000001d52b7000 	/System/Library/PrivateFrameworks/RevealCore.framework/Versions/A/RevealCore
0x00000001d52ab000 	/System/Library/PrivateFrameworks/Reveal.framework/Versions/A/Reveal
0x00000001ccf3b000 	/System/Library/Frameworks/Speech.framework/Versions/A/Speech
0x000000023a2a9000 	/System/Library/PrivateFrameworks/AIMLExperimentationAnalytics.framework/Versions/A/AIMLExperimentationAnalytics
0x000000023c74f000 	/System/Library/PrivateFrameworks/AlgorithmsInternal.framework/Versions/A/AlgorithmsInternal
0x00000002803bb000 	/System/Library/PrivateFrameworks/TranslationUIServices.framework/Versions/A/TranslationUIServices
0x000000027f10d000 	/System/Library/PrivateFrameworks/TipKitCore.framework/Versions/A/TipKitCore
0x00000001c122b000 	/System/Library/PrivateFrameworks/CoreCDPInternal.framework/Versions/A/CoreCDPInternal
0x0000000259cd0000 	/System/Library/PrivateFrameworks/InputAnalytics.framework/Versions/A/InputAnalytics
0x00000001c6ed6000 	/System/Library/Frameworks/InstantMessage.framework/Versions/A/InstantMessage
0x00000001bece1000 	/System/Library/PrivateFrameworks/IDSKVStore.framework/Versions/A/IDSKVStore
0x00000001be984000 	/System/Library/PrivateFrameworks/IMDPersistence.framework/Versions/A/IMDPersistence
0x0000000282341000 	/System/Library/PrivateFrameworks/UserSafety.framework/Versions/A/UserSafety
0x00000001e0259000 	/System/Library/PrivateFrameworks/BlastDoor.framework/Versions/A/BlastDoor
0x000000025e3c7000 	/System/Library/PrivateFrameworks/LinkPresentationStyleSheetParsing.framework/Versions/A/LinkPresentationStyleSheetParsing
0x000000026d3fb000 	/System/Library/PrivateFrameworks/PosterFoundation.framework/Versions/A/PosterFoundation
0x000000026d489000 	/System/Library/PrivateFrameworks/PosterModel.framework/Versions/A/PosterModel
0x000000026d463000 	/System/Library/PrivateFrameworks/PosterFuturesKit.framework/Versions/A/PosterFuturesKit
0x000000024c42e000 	/System/Library/PrivateFrameworks/FeedbackService.framework/Versions/A/FeedbackService
0x00000001b7abe000 	/System/Library/PrivateFrameworks/CoreSDB.framework/Versions/A/CoreSDB
0x000000023f792000 	/System/Library/PrivateFrameworks/AskToCore.framework/Versions/A/AskToCore
0x00000001da204000 	/System/Library/PrivateFrameworks/MachineSettings.framework/Versions/A/MachineSettings
0x00000001cb888000 	/System/Library/PrivateFrameworks/BezelServices.framework/Versions/A/BezelServices
0x00000001c315b000 	/System/Library/PrivateFrameworks/SPOwner.framework/Versions/A/SPOwner
0x00000001bb9f4000 	/System/Library/PrivateFrameworks/FMCore.framework/Versions/A/FMCore
0x0000000288ea2000 	/System/Library/PrivateFrameworks/iCloudQuota.framework/Versions/A/iCloudQuota
0x00000001b01c9000 	/System/Library/PrivateFrameworks/CoreRecognition.framework/Versions/A/CoreRecognition
0x00000001cb948000 	/System/Library/PrivateFrameworks/InAppMessages.framework/Versions/A/InAppMessages
0x00000001ee8c8000 	/System/Library/PrivateFrameworks/JetUI.framework/Versions/A/JetUI
0x000000025d5bf000 	/System/Library/PrivateFrameworks/JetPack.framework/Versions/A/JetPack
0x00000001cb93f000 	/System/Library/PrivateFrameworks/InAppMessagesCore.framework/Versions/A/InAppMessagesCore
0x00000002882b8000 	/System/Library/PrivateFrameworks/_JetEngine_SwiftUI.framework/Versions/A/_JetEngine_SwiftUI
0x000000027c4e5000 	/System/Library/PrivateFrameworks/Synapse.framework/Versions/A/Synapse
0x0000000241a38000 	/System/Library/PrivateFrameworks/CSExattrCrypto.framework/Versions/A/CSExattrCrypto
0x00000001bcf1b000 	/System/Library/PrivateFrameworks/StoreFoundation.framework/Versions/A/StoreFoundation
0x00000001bb9ee000 	/System/Library/PrivateFrameworks/ServerInformation.framework/Versions/A/ServerInformation
0x00000001bb404000 	/System/Library/PrivateFrameworks/Install.framework/Frameworks/DistributionKit.framework/Versions/A/DistributionKit
0x00000001b4871000 	/System/Library/PrivateFrameworks/PackageKit.framework/Versions/A/PackageKit
0x00000001bb427000 	/System/Library/PrivateFrameworks/OSPersonalization.framework/Versions/A/OSPersonalization
0x00000001bd481000 	/System/Library/PrivateFrameworks/BridgeOSSoftwareUpdate.framework/Versions/A/BridgeOSSoftwareUpdate
0x00000001b7f64000 	/System/Library/PrivateFrameworks/StorageManagement.framework/Versions/A/StorageManagement
0x00000001ccdbb000 	/usr/lib/libauthinstall.dylib
0x00000001bd48a000 	/System/Library/PrivateFrameworks/InstallerDiagnostics.framework/Versions/A/InstallerDiagnostics
0x00000001cd477000 	/usr/lib/libcrypto.42.dylib
0x000000028fa2b000 	/usr/lib/updaters/libAppleTconUARPUpdater.dylib
0x000000028fbc0000 	/usr/lib/updaters/libT200Updater.dylib
0x00000001bd46f000 	/System/Library/PrivateFrameworks/GPUInfo.framework/Versions/A/GPUInfo
0x00000001cba45000 	/System/Library/PrivateFrameworks/MobileActivationMacOS.framework/Versions/A/MobileActivationMacOS
0x00000001af74a000 	/System/Library/PrivateFrameworks/AccountsDaemon.framework/Versions/A/AccountsDaemon
0x00000001bd4cd000 	/System/Library/PrivateFrameworks/AOSKit.framework/Versions/A/AOSKit
0x000000019c234000 	/System/Library/PrivateFrameworks/AppSSOCore.framework/Versions/A/AppSSOCore
0x00000002401de000 	/System/Library/PrivateFrameworks/BackgroundSystemTasks.framework/Versions/A/BackgroundSystemTasks
0x00000001a7ec0000 	/System/Library/PrivateFrameworks/DuetActivityScheduler.framework/Versions/A/DuetActivityScheduler
0x00000001c9f9a000 	/System/Library/PrivateFrameworks/NetworkServiceProxy.framework/Versions/A/NetworkServiceProxy
0x00000001a310f000 	/usr/lib/libnetworkextension.dylib
0x000000027c207000 	/System/Library/PrivateFrameworks/Symptoms.framework/Versions/A/Frameworks/SymptomAnalytics.framework/Versions/A/SymptomAnalytics
0x000000019fc47000 	/System/Library/Frameworks/NetworkExtension.framework/Versions/A/NetworkExtension
0x00000001a65dc000 	/System/Library/PrivateFrameworks/CoreDuetContext.framework/Versions/A/CoreDuetContext
0x0000000190d08000 	/System/Library/PrivateFrameworks/CoreDuet.framework/Versions/A/CoreDuet
0x00000001ab3f3000 	/System/Library/PrivateFrameworks/AssistantServices.framework/Versions/A/AssistantServices
0x00000001a55c1000 	/System/Library/PrivateFrameworks/SAObjects.framework/Versions/A/SAObjects
0x00000001aafda000 	/System/Library/PrivateFrameworks/MediaRemote.framework/Versions/A/MediaRemote
0x0000000278d75000 	/System/Library/PrivateFrameworks/SiriTTSService.framework/Versions/A/SiriTTSService
0x0000000273471000 	/System/Library/PrivateFrameworks/SiriCrossDeviceArbitration.framework/Versions/A/SiriCrossDeviceArbitration
0x000000024bfb8000 	/System/Library/PrivateFrameworks/FaceTimeNameUtility.framework/Versions/A/FaceTimeNameUtility
0x00000002734c5000 	/System/Library/PrivateFrameworks/SiriCrossDeviceArbitrationFeedback.framework/Versions/A/SiriCrossDeviceArbitrationFeedback
0x00000001cc2cd000 	/System/Library/PrivateFrameworks/UIKitServices.framework/Versions/A/UIKitServices
0x00000001affd9000 	/System/Library/PrivateFrameworks/MediaServices.framework/Versions/A/MediaServices
0x000000019c67d000 	/System/Library/PrivateFrameworks/PersistentConnection.framework/Versions/A/PersistentConnection
0x000000027a658000 	/System/Library/PrivateFrameworks/SonicFoundation.framework/Versions/A/SonicFoundation
0x00000001bf9e1000 	/usr/lib/libtailspin.dylib
0x00000001d39ee000 	/System/Library/PrivateFrameworks/Osprey.framework/Versions/A/Osprey
0x00000002783f5000 	/System/Library/PrivateFrameworks/SiriTTS.framework/Versions/A/SiriTTS
0x0000000276fb5000 	/System/Library/PrivateFrameworks/SiriPowerInstrumentation.framework/Versions/A/SiriPowerInstrumentation
0x000000027c9ed000 	/System/Library/PrivateFrameworks/TailspinSymbolication.framework/Versions/A/TailspinSymbolication
0x000000024a30e000 	/System/Library/PrivateFrameworks/Darwinup.framework/Versions/A/Darwinup
0x00000001cc0d6000 	/System/Library/PrivateFrameworks/SignpostSupport.framework/Versions/A/SignpostSupport
0x00000001b7a4b000 	/System/Library/PrivateFrameworks/FeatureFlagsSupport.framework/Versions/A/FeatureFlagsSupport
0x00000001cb796000 	/System/Library/PrivateFrameworks/ktrace.framework/Versions/A/ktrace
0x00000001cc305000 	/System/Library/PrivateFrameworks/SampleAnalysis.framework/Versions/A/SampleAnalysis
0x00000001d5285000 	/System/Library/PrivateFrameworks/kperfdata.framework/Versions/A/kperfdata
0x00000001a0e68000 	/usr/lib/libdscsym.dylib
0x00000001d575a000 	/System/Library/PrivateFrameworks/BulkSymbolication.framework/Versions/A/BulkSymbolication
0x00000001a900e000 	/System/Library/PrivateFrameworks/CoreDuetDaemonProtocol.framework/Versions/A/CoreDuetDaemonProtocol
0x00000001bcd9c000 	/System/Library/PrivateFrameworks/CaptiveNetwork.framework/Versions/A/CaptiveNetwork
0x00000001a7407000 	/System/Library/PrivateFrameworks/EAP8021X.framework/Versions/A/EAP8021X
0x000000024a0d4000 	/System/Library/PrivateFrameworks/CryptoKitPrivate.framework/Versions/A/CryptoKitPrivate
0x00000001b7019000 	/System/Library/PrivateFrameworks/FindMyDevice.framework/Versions/A/FindMyDevice
0x00000001abbf5000 	/System/Library/PrivateFrameworks/FMCoreLite.framework/Versions/A/FMCoreLite
0x0000000199d2c000 	/System/Library/Frameworks/ServiceManagement.framework/Versions/A/ServiceManagement
0x0000000128f80000 	/Users/tinayan/.openjfx/cache/21.0.2+5/aarch64/libjavafx_font.dylib
0x000000027d207000 	/System/Library/PrivateFrameworks/TextInputUI.framework/Versions/A/TextInputUI
0x000000027d23d000 	/System/Library/PrivateFrameworks/TextInputUIMacHelper.framework/Versions/A/TextInputUIMacHelper
0x00000001c1f2f000 	/System/Library/CoreServices/RawCamera.bundle/Contents/MacOS/RawCamera
0x00000001c1f1f000 	/System/Library/PrivateFrameworks/SafariPlatformSupport.framework/Versions/A/SafariPlatformSupport

JVMTI agents:
/Applications/IntelliJ IDEA.app/Contents/lib/idea_rt.jar path:none, loaded, initialized, instrumentlib options:62434


VM Arguments:
jvm_args: -javaagent:/Applications/IntelliJ IDEA.app/Contents/lib/idea_rt.jar=62434 -Dfile.encoding=UTF-8 -Dsun.stdout.encoding=UTF-8 -Dsun.stderr.encoding=UTF-8 
java_command: app.Main
java_class_path (initial): /Users/tinayan/Desktop/csc207/project/Escape-Room-Point-and-Click-Game/target/classes:/Users/tinayan/.m2/repository/org/openjfx/javafx-controls/21.0.2/javafx-controls-21.0.2.jar:/Users/tinayan/.m2/repository/org/openjfx/javafx-controls/21.0.2/javafx-controls-21.0.2-mac-aarch64.jar:/Users/tinayan/.m2/repository/org/openjfx/javafx-graphics/21.0.2/javafx-graphics-21.0.2.jar:/Users/tinayan/.m2/repository/org/openjfx/javafx-graphics/21.0.2/javafx-graphics-21.0.2-mac-aarch64.jar:/Users/tinayan/.m2/repository/org/openjfx/javafx-base/21.0.2/javafx-base-21.0.2.jar:/Users/tinayan/.m2/repository/org/openjfx/javafx-base/21.0.2/javafx-base-21.0.2-mac-aarch64.jar:/Users/tinayan/.m2/repository/org/openjfx/javafx-fxml/21.0.2/javafx-fxml-21.0.2.jar:/Users/tinayan/.m2/repository/org/openjfx/javafx-fxml/21.0.2/javafx-fxml-21.0.2-mac-aarch64.jar:/Users/tinayan/.m2/repository/org/openjfx/javafx-media/21.0.2/javafx-media-21.0.2.jar:/Users/tinayan/.m2/repository/org/openjfx/javafx-media/21.0.2/javafx-media-21.0.2-mac-aarch64.jar:/Users/tinayan/.m2/repository/com/google/code/gson/gson/2.11.0/gson-2.11.0.jar:/Users/tinayan/.m2/repository/com/google/errorprone/error_prone_annotations/2.27.0/error_prone_annotations-2.27.0.jar
Launcher Type: SUN_STANDARD

[Global flags]
     bool AOTAdapterCaching                        = false                                  {diagnostic} {ergonomic}
     bool AOTInvokeDynamicLinking                  = false                                  {diagnostic} {ergonomic}
     bool AOTRecordTraining                        = false                                  {diagnostic} {ergonomic}
     bool AOTReplayTraining                        = false                                  {diagnostic} {ergonomic}
     bool AOTStubCaching                           = false                                  {diagnostic} {ergonomic}
     intx CICompilerCount                          = 4                                         {product} {ergonomic}
     uint ConcGCThreads                            = 2                                         {product} {ergonomic}
     uint G1ConcRefinementThreads                  = 8                                         {product} {ergonomic}
     uint G1EagerReclaimRemSetThreshold            = 16                                   {experimental} {ergonomic}
   size_t G1HeapRegionSize                         = 2097152                                   {product} {ergonomic}
     uint G1RemSetArrayOfCardsEntries              = 16                                   {experimental} {ergonomic}
     uint G1RemSetHowlMaxNumBuckets                = 8                                    {experimental} {ergonomic}
     uint G1RemSetHowlNumBuckets                   = 8                                    {experimental} {ergonomic}
   size_t InitialHeapSize                          = 8388608                                   {product} {ergonomic}
   size_t MarkStackSize                            = 4194304                                   {product} {ergonomic}
   size_t MarkStackSizeMax                         = 536870912                                 {product} {ergonomic}
   size_t MaxHeapSize                              = 4294967296                                {product} {ergonomic}
   size_t MaxNewSize                               = 2575302656                                {product} {ergonomic}
 uint64_t MaxRAM                                   = 17179869184                               {product} {ergonomic}
   size_t MinHeapDeltaBytes                        = 2097152                                   {product} {ergonomic}
   size_t MinHeapSize                              = 8388608                                   {product} {ergonomic}
   size_t NonNMethodCodeHeapSize                   = 5849088                                {pd product} {ergonomic}
   size_t NonProfiledCodeHeapSize                  = 122912768                              {pd product} {ergonomic}
   size_t ProfiledCodeHeapSize                     = 122912768                              {pd product} {ergonomic}
   size_t ReservedCodeCacheSize                    = 251674624                              {pd product} {ergonomic}
     bool SegmentedCodeCache                       = true                                      {product} {ergonomic}
   size_t SoftMaxHeapSize                          = 4294967296                             {manageable} {ergonomic}
     bool UseCompressedOops                        = true                           {product lp64_product} {ergonomic}
     bool UseCondCardMark                          = true                                      {product} {ergonomic}
     bool UseG1GC                                  = true                                      {product} {ergonomic}
     bool UseNUMA                                  = false                                     {product} {ergonomic}
     bool UseNUMAInterleaving                      = false                                     {product} {ergonomic}

Logging:
Log output configuration:
 #0: stdout all=warning uptime,level,tags foldmultilines=false
 #1: stderr all=off uptime,level,tags foldmultilines=false

Release file:
IMPLEMENTOR="Oracle Corporation"
JAVA_RUNTIME_VERSION="26.0.1+8-34"
JAVA_VERSION="26.0.1"
JAVA_VERSION_DATE="2026-04-21"
LIBC="default"
MODULES="java.base java.compiler java.datatransfer java.xml java.prefs java.desktop java.instrument java.logging java.management java.security.sasl java.naming java.rmi java.management.rmi java.net.http java.scripting java.security.jgss java.transaction.xa java.sql java.sql.rowset java.xml.crypto java.se java.smartcardio jdk.accessibility jdk.internal.jvmstat jdk.attach jdk.charsets jdk.internal.opt jdk.zipfs jdk.compiler jdk.crypto.cryptoki jdk.crypto.ec jdk.dynalink jdk.internal.ed jdk.editpad jdk.internal.vm.ci jdk.graal.compiler jdk.graal.compiler.management jdk.hotspot.agent jdk.httpserver jdk.incubator.vector jdk.internal.le jdk.internal.md jdk.jartool jdk.javadoc jdk.jcmd jdk.management jdk.management.agent jdk.jconsole jdk.jdeps jdk.jdwp.agent jdk.jdi jdk.jfr jdk.jlink jdk.jpackage jdk.jshell jdk.jstatd jdk.localedata jdk.management.jfr jdk.naming.dns jdk.naming.rmi jdk.net jdk.nio.mapmode jdk.sctp jdk.security.auth jdk.security.jgss jdk.unsupported jdk.unsupported.desktop jdk.xml.dom"
OS_ARCH="aarch64"
OS_NAME="Darwin"
SOURCE=".:git:fcc00fc4aee7"

Environment Variables:
PATH=/Users/tinayan/.fly/bin:/Users/tinayan/.local/bin:/Library/Frameworks/Python.framework/Versions/3.13/bin:/Library/Frameworks/Python.framework/Versions/3.14/bin:/Library/Frameworks/Python.framework/Versions/3.13/bin:/usr/local/bin:/System/Cryptexes/App/usr/bin:/usr/bin:/bin:/usr/sbin:/sbin:/var/run/com.apple.security.cryptexd/codex.system/bootstrap/usr/local/bin:/var/run/com.apple.security.cryptexd/codex.system/bootstrap/usr/bin:/var/run/com.apple.security.cryptexd/codex.system/bootstrap/usr/appleinternal/bin:/pkg/env/global/bin:/usr/local/share/dotnet:~/.dotnet/tools
SHELL=/bin/zsh
LANG=C.UTF-8
TMPDIR=/var/folders/qf/pgpy7wyj475c6p09jbbck9580000gn/T/

Active Locale:
LC_ALL=C.UTF-8
LC_COLLATE=C.UTF-8
LC_CTYPE=C.UTF-8
LC_MESSAGES=C.UTF-8
LC_MONETARY=C.UTF-8
LC_NUMERIC=C.UTF-8
LC_TIME=C.UTF-8

Signal Handlers:
   SIGSEGV: crash_handler in libjvm.dylib, mask=11100110000111110111111111111111, flags=SA_ONSTACK|SA_RESTART|SA_SIGINFO, unblocked
    SIGBUS: crash_handler in libjvm.dylib, mask=11100110000111110111111111111111, flags=SA_RESTART|SA_SIGINFO, unblocked
    SIGFPE: crash_handler in libjvm.dylib, mask=11100110000111110111111111111111, flags=SA_RESTART|SA_SIGINFO, unblocked
   SIGPIPE: javaSignalHandler in libjvm.dylib, mask=11100110000111110111111111111111, flags=SA_RESTART|SA_SIGINFO, blocked
   SIGXFSZ: javaSignalHandler in libjvm.dylib, mask=11100110000111110111111111111111, flags=SA_RESTART|SA_SIGINFO, blocked
    SIGILL: crash_handler in libjvm.dylib, mask=11100110000111110111111111111111, flags=SA_RESTART|SA_SIGINFO, unblocked
   SIGUSR2: SR_handler in libjvm.dylib, mask=00000000000000000000000000000000, flags=SA_RESTART|SA_SIGINFO, blocked
    SIGHUP: UserHandler in libjvm.dylib, mask=11100110000111110111111111111111, flags=SA_RESTART|SA_SIGINFO, blocked
    SIGINT: UserHandler in libjvm.dylib, mask=11100110000111110111111111111111, flags=SA_RESTART|SA_SIGINFO, blocked
   SIGTERM: UserHandler in libjvm.dylib, mask=11100110000111110111111111111111, flags=SA_RESTART|SA_SIGINFO, blocked
   SIGQUIT: UserHandler in libjvm.dylib, mask=11100110000111110111111111111111, flags=SA_RESTART|SA_SIGINFO, blocked
   SIGTRAP: crash_handler in libjvm.dylib, mask=11100110000111110111111111111111, flags=SA_RESTART|SA_SIGINFO, unblocked

Compilation memory statistics disabled.

Periodic native trim disabled

---------------  S Y S T E M  ---------------

OS:
uname: Darwin 25.5.0 Darwin Kernel Version 25.5.0: Tue Jun  9 22:19:21 PDT 2026; root:xnu-12377.121.10~1/RELEASE_ARM64_T8122 arm64
OS uptime: 7 days 9:54 hours
rlimit (soft/hard): STACK 8176k/65520k , CORE 0k/infinity , NPROC 2666/4000 , NOFILE 1048576/infinity , AS infinity/infinity , CPU infinity/infinity , DATA infinity/infinity , FSIZE infinity/infinity , MEMLOCK infinity/infinity , RSS infinity/infinity
load average: 4.12 2.98 2.62

CPU: total 8 (initial active 8) 0x61:0x0:0xfa33415e:0, fp, asimd, aes, pmull, sha1, sha256, crc32, lse, sha3, sha512, sb
machdep.cpu.brand_string:Apple M3
hw.cachelinesize:128
hw.l1icachesize:131072
hw.l1dcachesize:65536
hw.l2cachesize:4194304

Memory: 16k page, physical 16777216k(3723056k free), swap 2097152k(1411392k free)

vm_info: OpenJDK 64-Bit Server VM (26.0.1+8-34) for bsd-aarch64 JRE (26.0.1+8-34), built on 2026-03-10T17:24:10Z with clang Apple LLVM 15.0.0 (clang-1500.3.9.4)

END.
